rgram,public_prob,generated_prob,signed_diff,abs_diff
4134004,0.012093958247539551,0.012087750808630162,6.207438909389129e-06,6.207438909389129e-06
3400413,0.009891137681280214,0.009887668489525846,3.469191754368328e-06,3.469191754368328e-06
2134004,0.008038773116504225,0.00804147602964545,-2.702913141224353e-06,2.702913141224353e-06
2142214,0.007375158048251375,0.00737763783108868,-2.4797828373050723e-06,2.4797828373050723e-06
4413400,0.0024977192552091644,0.0024953822575804704,2.3369976286939827e-06,2.3369976286939827e-06
4134221,0.004477345770510733,0.004475047693257798,2.2980772529353558e-06,2.2980772529353558e-06
2142142,0.005612806274433675,0.005614693493741709,-1.8872193080334346e-06,1.8872193080334346e-06
4004134,0.005568125564579195,0.00556635888508927,1.7666794899255309e-06,1.7666794899255309e-06
1340041,0.009638807514038263,0.009637093878769598,1.7136352686644707e-06,1.7136352686644707e-06
4132214,0.003278715702130025,0.0032770328430523233,1.6828590777015831e-06,1.6828590777015831e-06
4134232,0.0032448674708358493,0.003243201984964146,1.6654858717032005e-06,1.6654858717032005e-06
4004413,0.004797248827222204,0.004795726734910738,1.5220923114660917e-06,1.5220923114660917e-06
2142213,0.0043393806351446065,0.004340839684774885,-1.459049630278715e-06,1.459049630278715e-06
4004132,0.004585047328115539,0.004583592564033631,1.4547640819085467e-06,1.4547640819085467e-06
2141342,0.004272731171998706,0.004274167811777733,-1.436639779027124e-06,1.436639779027124e-06
3400441,0.0040398846586410546,0.004038467720064527,1.4169385765278736e-06,1.4169385765278736e-06
1422142,0.005884760855903677,0.005886131229714461,-1.3703738107840799e-06,1.3703738107840799e-06
0041342,0.003185824448452554,0.0031844729855869084,1.3514628656456813e-06,1.3514628656456813e-06
2142232,0.003962953931075619,0.003964286413048073,-1.332481972453857e-06,1.332481972453857e-06
4132142,0.0024952409080050654,0.00249396018128321,1.280726721855207e-06,1.280726721855207e-06
2142322,0.0037055763862471154,0.0037068223290004504,-1.2459427533350123e-06,1.2459427533350123e-06
4413221,0.0013310853908217281,0.0013298399572545033,1.2454335672248528e-06,1.2454335672248528e-06
2322142,0.007236415344270083,0.007237636175089127,-1.2208308190434641e-06,1.2208308190434641e-06
4134214,0.0022776848620452636,0.0022765157998286953,1.169062216568352e-06,1.169062216568352e-06
4413422,0.0011774539500112404,0.001176352262108033,1.101687903207367e-06,1.101687903207367e-06
2141340,0.003196585832310459,0.0031976606348615437,-1.0748025510848302e-06,1.0748025510848302e-06
3221422,0.0040861234529164835,0.004087185237251539,-1.0617843350553546e-06,1.0617843350553546e-06
3422142,0.0030244718119873605,0.0030234110166562737,1.0607953310867897e-06,1.0607953310867897e-06
0041340,0.0023834313197354587,0.002382420241136007,1.0110785994515807e-06,1.0110785994515807e-06
2134221,0.0029760617720503563,0.002977062426796572,-1.0006547462157109e-06,1.0006547462157109e-06
4132213,0.0019291241398333013,0.0019281339825992885,9.901572340128943e-07,9.901572340128943e-07
2142321,0.0029100981105166087,0.00291107658600176,-9.784754851512555e-07,9.784754851512555e-07
0142214,0.0003582714111114371,0.0003572965055917763,9.74905519660822e-07,9.74905519660822e-07
0044134,0.00222716107421489,0.0022262162872260533,9.447869888366302e-07,9.447869888366302e-07
2214221,0.007250639870769467,0.007251583577804723,-9.43707035256508e-07,9.43707035256508e-07
1340042,0.005291902045462799,0.005290961224726394,9.408207364046753e-07,9.408207364046753e-07
3221413,0.003561842126050431,0.003562767675221168,-9.255491707372415e-07,9.255491707372415e-07
4131221,0.001767657546814172,0.0017667502651773442,9.072816368278693e-07,9.072816368278693e-07
4132232,0.001761779096207468,0.001760874831789838,9.042644176300747e-07,9.042644176300747e-07
4413232,0.0009646777146473451,0.0009637751113916422,9.026032557029858e-07,9.026032557029858e-07
4413421,0.0009246892137658176,0.0009238240258567515,8.651879090660871e-07,8.651879090660871e-07
4132322,0.00164735879604794,0.0016465132598819459,8.455361659941672e-07,8.455361659941672e-07
3214221,0.003208952913183012,0.003209786763646517,-8.338504635051723e-07,8.338504635051723e-07
3221421,0.00320895291318301,0.0032097867636465137,-8.338504635038713e-07,8.338504635038713e-07
0241342,9.040117374597419e-07,9.039757137473765e-08,8.136141660850043e-07,8.136141660850043e-07
2413400,0.0020071018284936472,0.002006306813774046,7.950147196010213e-07,7.950147196010213e-07
3232214,0.0030558423980773324,0.0030566364625802932,-7.940645029608402e-07,7.940645029608402e-07
1413400,0.0033514684560202257,0.003352248906528282,-7.804505080563455e-07,7.804505080563455e-07
0044132,0.0018339455197583445,0.0018331675392676819,7.779804906626019e-07,7.779804906626019e-07
2142212,0.002263490304131978,0.002264251367741987,-7.610636100093514e-07,7.610636100093514e-07
2122142,0.0022634903041319765,0.002264251367741985,-7.61063610008484e-07,7.61063610008484e-07
4130142,0.0014534003749039493,0.0014526543913431125,7.459835608368548e-07,7.459835608368548e-07
0142142,0.0002726596516413991,0.00027191770743058595,7.419442108131725e-07,7.419442108131725e-07
1322142,0.004154018939018478,0.00415328041681537,7.385222031081398e-07,7.385222031081398e-07
2132214,0.002179340386618688,0.0021800731561203057,-7.327695016176236e-07,7.327695016176236e-07
2141322,0.002169186058476274,0.002169915413742089,-7.293552658146907e-07,7.293552658146907e-07
2142413,0.0021649250144187217,0.0021656529369743676,-7.27922555645872e-07,7.27922555645872e-07
2134232,0.002156841693783843,0.002157566898447937,-7.252046640938634e-07,7.252046640938634e-07
4221422,0.003807379836425523,0.003808100874649227,-7.21038223704118e-07,7.21038223704118e-07
1423221,0.003051099683524227,0.0030518101876896055,-7.105041653784026e-07,7.105041653784026e-07
2142323,0.0021090358394810897,0.0021097449701659903,-7.091306849006142e-07,7.091306849006142e-07
4134213,0.001340139630724881,0.0013394517802529761,6.878504719047898e-07,6.878504719047898e-07
0041322,0.0016173837529552483,0.0016166976404223736,6.86112532874688e-07,6.86112532874688e-07
3400422,0.0019560686879561305,0.0019553826215417403,6.860664143902226e-07,6.860664143902226e-07
2142041,0.0020394234208980094,0.002040109145483713,-6.857245857037723e-07,6.857245857037723e-07
1340044,0.003854586284174279,0.0038539009966018236,6.852875724552669e-07,6.852875724552669e-07
2214232,0.0052547573194735644,0.005255441252414568,-6.839329410035511e-07,6.839329410035511e-07
2142134,0.002014183276281847,0.0020148605142592604,-6.772379774135258e-07,6.772379774135258e-07
4134204,0.0013156211726674711,0.001314945906729714,6.752659377571701e-07,6.752659377571701e-07
1342214,0.0037918367014975665,0.0037911625698588535,6.741316387129381e-07,6.741316387129381e-07
4132321,0.001293719308422408,0.0012930552840055422,6.640244168659281e-07,6.640244168659281e-07
4131232,0.0012810747186453107,0.0012804171842887692,6.575343565414817e-07,6.575343565414817e-07
4413214,0.0006771406990124906,0.0006765071305261271,6.335684863634445e-07,6.335684863634445e-07
2323221,0.003751898353626778,0.0037525313235327483,-6.329699059701849e-07,6.329699059701849e-07
4221413,0.0033188634772099252,0.003319492000637882,-6.285234279567072e-07,6.285234279567072e-07
4134223,0.0012238870162157168,0.0012232588344633375,6.281817523793361e-07,6.281817523793361e-07
4413423,0.0006701501523835204,0.0006695231246206035,6.27027762916863e-07,6.27027762916863e-07
3221342,0.0023783402392964577,0.002378958254008596,-6.180147121381645e-07,6.180147121381645e-07
0241340,6.763241111783781e-07,6.76297160526923e-08,6.086943951256858e-07,6.086943951256858e-07
3232142,0.002325624925377098,0.0023262292419484014,-6.043165713034288e-07,6.043165713034288e-07
3214232,0.0023256249253770975,0.002326229241948401,-6.043165713034288e-07,6.043165713034288e-07
3221423,0.0023256249253770962,0.0023262292419483984,-6.043165713021277e-07,6.043165713021277e-07
2142141,0.0017623517738177,0.001762944337346971,-5.925635292709872e-07,5.925635292709872e-07
4004221,0.0018630628069199752,0.001862471686117964,5.911208020112791e-07,5.911208020112791e-07
3223221,0.002265699534270543,0.00226628827915335,-5.887448828070622e-07,5.887448828070622e-07
0142213,0.0002107990111305494,0.00021022539818484233,5.736129457070715e-07,5.736129457070715e-07
2141321,0.0017035256036170693,0.001704098387756353,-5.727841392837857e-07,5.727841392837857e-07
0244134,6.319807587896645e-07,6.319555751641295e-08,5.687852012732515e-07,5.687852012732515e-07
2141312,0.0016868756376682832,0.0016874428235140082,-5.671858457250226e-07,5.671858457250226e-07
4221421,0.0029900473537997265,0.002990613606321251,-5.662525215245455e-07,5.662525215245455e-07
4214221,0.0029900473537997265,0.0029906136063212506,-5.662525215241118e-07,5.662525215241118e-07
0141342,0.00020756130462244786,0.00020699650191905396,5.648027033938968e-07,5.648027033938968e-07
2142132,0.001658569933838951,0.0016591276023295097,-5.576684905586864e-07,5.576684905586864e-07
2132142,0.0016585699338389518,0.0016591276023295099,-5.576684905580359e-07,5.576684905580359e-07
3423221,0.0015681121483679236,0.001567562152815306,5.499955526176367e-07,5.499955526176367e-07
4004004,0.0017140192083585745,0.001713475376768279,5.438315902955241e-07,5.438315902955241e-07
0122142,0.0001990535191273197,0.00019851186727208768,5.416518552320173e-07,5.416518552320173e-07
4232214,0.0028473815986713516,0.002847920833278436,-5.392346070845488e-07,5.392346070845488e-07
0041321,0.001270179025569127,0.0012696402012197148,5.388243494123136e-07,5.388243494123136e-07
3400421,0.0015361582651455899,0.001535619477014379,5.387881312109155e-07,5.387881312109155e-07
0041312,0.0012577645144636383,0.001257230956490647,5.335579729914223e-07,5.335579729914223e-07
0142232,0.00019251290450551252,0.00019198905055739488,5.23853948117644e-07,5.23853948117644e-07
2213400,0.004020386215925603,0.00402090948929513,-5.232733695272052e-07,5.232733695272052e-07
4132212,0.0010062619883157834,0.0010057455064748956,5.164818408878204e-07,5.164818408878204e-07
1423232,0.0022112239306047556,0.002211738854394945,-5.149237901893797e-07,5.149237901893797e-07
1342142,0.002885747626091826,0.0028852345834876124,5.130426042137225e-07,5.130426042137225e-07
2134214,0.0015139618859361557,0.0015144709322069626,-5.090462708069472e-07,5.090462708069472e-07
3204134,0.0019132014777353237,0.0019136986255533658,-4.971478180420055e-07,4.971478180420055e-07
3400400,0.0014132667797127152,0.0014127710942196114,4.956854931037827e-07,4.956854931037827e-07
4132413,0.0009624435967703346,0.0009619496054973038,4.939912730308462e-07,4.939912730308462e-07
1422134,0.0021117755221429207,0.0021122672875588232,-4.917654159025675e-07,4.917654159025675e-07
0142322,0.00018000998381271892,0.00017952015202215345,4.898317905654634e-07,4.898317905654634e-07
1420413,0.0020935720601726743,0.0020940595865807134,-4.875264080390906e-07,4.875264080390906e-07
2214134,0.00373558734539358,0.0037360735507659996,-4.862053724196541e-07,4.862053724196541e-07
1421422,0.002075438787769155,0.0020759220915142484,-4.833037450936543e-07,4.833037450936543e-07
4132323,0.0009375973881537544,0.0009371161496386682,4.812385150862464e-07,4.812385150862464e-07
2214214,0.003688496158274057,0.003688976234493003,-4.800762189462703e-07,4.800762189462703e-07
0244132,5.204016425100093e-07,5.203809051696539e-08,4.683635519930439e-07,4.683635519930439e-07
3232213,0.001797990394173945,0.0017984576042465498,-4.672100726047998e-07,4.672100726047998e-07
4132041,0.0009066503456119739,0.0009061849912162202,4.653543957536862e-07,4.653543957536862e-07
3213400,0.0017793229686838882,0.0017797853280024259,-4.6235931853771603e-07,4.6235931853771603e-07
3221340,0.0017793229686838869,0.0017797853280024237,-4.6235931853684867e-07,4.6235931853684867e-07
4131214,0.0008992307143612555,0.0008987691682230444,4.615461382110383e-07,4.615461382110383e-07
4132134,0.0008954295340801226,0.0008949699389652151,4.595951149075116e-07,4.595951149075116e-07
2323232,0.002719113855747035,0.0027195725881217904,-4.587323747555147e-07,4.587323747555147e-07
2322134,0.0025968234166658085,0.002597261517839918,-4.3810117410962926e-07,4.3810117410962926e-07
1034004,0.0009624124668160896,0.0009628491572067752,-4.3669039068551865e-07,4.3669039068551865e-07
4413122,0.00046485919726635427,0.00046442425052867665,4.3494673767762327e-07,4.3494673767762327e-07
2320413,0.0025744388517283633,0.002574873176479282,-4.3432475091854245e-07,4.3432475091854245e-07
2132213,0.0012822759063887334,0.0012827070518319275,-4.311454431941194e-07,4.311454431941194e-07
2321422,0.00255214059800561,0.0025525711608946036,-4.305628889937109e-07,4.305628889937109e-07
1422141,0.0018477421499713594,0.001848172430404736,-4.3028043337665564e-07,4.3028043337665564e-07
3214134,0.0016532780703640408,0.001653707676756709,-4.2960639266820776e-07,4.2960639266820776e-07
4004232,0.001350217787090666,0.001349789384023293,4.28403067372898e-07,4.28403067372898e-07
3204413,0.001648329125997214,0.0016487574464004446,-4.283204032306566e-07,4.283204032306566e-07
3223232,0.0016420207628064848,0.0016424474439735793,-4.266811670945031e-07,4.266811670945031e-07
3232232,0.0016420207628064848,0.0016424474439735793,-4.266811670945031e-07,4.266811670945031e-07
2441342,0.0010728600395961982,0.0010724350788336489,4.24960762549333e-07,4.24960762549333e-07
3214214,0.0016324366819092588,0.001632860872640841,-4.241907315821747e-07,4.241907315821747e-07
2413221,0.0010696253857304487,0.0010692017062170114,4.236795134373184e-07,4.236795134373184e-07
0141340,0.00015528417281202936,0.000154861623335584,4.22549476445359e-07,4.22549476445359e-07
1421413,0.0018091438962860693,0.0018095651884126507,-4.2129212658140354e-07,4.2129212658140354e-07
4221342,0.002216096693014397,0.0022165163754447655,-4.1968243036849193e-07,4.1968243036849193e-07
3122142,0.0011940624418150185,0.0011936436394779349,4.18802337083567e-07,4.18802337083567e-07
1413221,0.0017860657038634205,0.0017864816218123116,-4.1591794889108205e-07,4.1591794889108205e-07
2141323,0.00123459636584701,0.0012350114797820592,-4.151139350492498e-07,4.151139350492498e-07
0241322,4.589499265593352e-07,4.589316379913218e-08,4.1305676276020305e-07,4.1305676276020305e-07
4214232,0.002166977466539689,0.002167387846814422,-4.103802747333109e-07,4.103802747333109e-07
4221423,0.002166977466539689,0.002167387846814422,-4.103802747333109e-07,4.103802747333109e-07
4232142,0.00216697746653969,0.0021673878468144226,-4.103802747324435e-07,4.103802747324435e-07
3204132,0.0015754169373333794,0.0015758263114123863,-4.09374079006963e-07,4.09374079006963e-07
0232214,4.524043124791637e-07,4.523862847455061e-08,4.0716568400461307e-07,4.0716568400461307e-07
1422132,0.0017389318188109053,0.001739336760775682,-4.049419647766516e-07,4.049419647766516e-07
0042214,0.000947957003629759,0.0009475548695167956,4.021341129633975e-07,4.021341129633975e-07
4132141,0.0007834747941249617,0.0007830726617691167,4.021323558449667e-07,4.021323558449667e-07
2214132,0.003076052179192097,0.003076452542764699,-4.003635726019389e-07,4.003635726019389e-07
4223221,0.002111140013653591,0.002111539819480913,-3.9980582732229014e-07,3.9980582732229014e-07
4004131,0.0012575092685111347,0.0012571102804123033,3.9898809883146674e-07,3.9898809883146674e-07
3232322,0.0015353782734314318,0.0015357772434131023,-3.989699816704835e-07,3.989699816704835e-07
3423232,0.001136458152143378,0.0011360595537841572,3.9859835922087354e-07,3.9859835922087354e-07
1342213,0.002231033239756859,0.002230636595541313,3.966442155456558e-07,3.966442155456558e-07
2131221,0.0011749501425148776,0.0011753452013297573,-3.950588148796553e-07,3.950588148796553e-07
2123221,0.0011735624810766776,0.001173957073311859,-3.9459223518138395e-07,3.9459223518138395e-07
2132232,0.001171042775734156,0.0011714365207573818,-3.9374502322584576e-07,3.9374502322584576e-07
0041323,0.0009205370354358599,0.0009201465331844106,3.9050225144926683e-07,3.9050225144926683e-07
3400423,0.0011133002095699113,0.0011129097335668848,3.904760030265606e-07,3.904760030265606e-07
0142321,0.00014136713406090467,0.0001409824547506938,3.846793102108676e-07,3.846793102108676e-07
2322141,0.0022721449475543807,0.002272528273337291,-3.8332578291026473e-07,3.8332578291026473e-07
1323221,0.0021537537685117417,0.0021533708634259865,3.829050857552009e-07,3.829050857552009e-07
3422134,0.0010853466600190924,0.0010849659883709068,3.8067164818554773e-07,3.8067164818554773e-07
1421421,0.001629903114990629,0.0016302826676347537,-3.7955264412469457e-07,3.7955264412469457e-07
4132132,0.0007373373220724206,0.0007369588705936994,3.7845147872125895e-07,3.7845147872125895e-07
3420413,0.0010759909939253105,0.0010756136036589757,3.7739026633484656e-07,3.7739026633484656e-07
2142042,0.00111968508105349,0.0011200615578461244,-3.7647679263451937e-07,3.7647679263451937e-07
2321413,0.0022246811674502087,0.0022250564857815326,-3.753183313239157e-07,3.753183313239157e-07
2413422,0.0009461711804102347,0.0009457964012111881,3.747791990465739e-07,3.747791990465739e-07
3421422,0.0010666714017470633,0.0010662972802101087,3.741215369545796e-07,3.741215369545796e-07
4413213,0.00039841468038230885,0.0003980419026326284,3.727777496804704e-07,3.727777496804704e-07
4413014,0.00039441343825767313,0.0003940444042807712,3.6903397690192215e-07,3.6903397690192215e-07
0340041,0.0004604794330738135,0.00046084814394692825,-3.6871087311476144e-07,3.6871087311476144e-07
2132322,0.0010949883678985834,0.0010953565408033522,-3.6817290476878414e-07,3.6817290476878414e-07
1413422,0.0015799212676320677,0.0015802891810921505,-3.6791346008278013e-07,3.6791346008278013e-07
4413204,0.0003911255043841883,0.0003907595467713138,3.659576128745229e-07,3.659576128745229e-07
1342232,0.0020374985951330782,0.002037136358471812,3.622366612663838e-07,3.622366612663838e-07
1423214,0.0015521346614607127,0.0015524961043031594,-3.614428424466784e-07,3.614428424466784e-07
2322132,0.002138342271573981,0.0021387030239662366,-3.6075239225573374e-07,3.6075239225573374e-07
4134212,0.000699038253469021,0.0006986794596676112,3.587938014098027e-07,3.587938014098027e-07
3214132,0.0013613842057327128,0.0013617379631363491,-3.5375740363636533e-07,3.5375740363636533e-07
4134241,0.0006828627408135013,0.0006825122493813048,3.5049143219645883e-07,3.5049143219645883e-07
0040041,0.000820734481432067,0.0008203863165560172,3.481648760498288e-07,3.481648760498288e-07
4413121,0.0003650675982937009,0.0003647260218295943,3.415764641065953e-07,3.415764641065953e-07
1422322,0.001465375411255658,0.0014657166506255683,-3.412393699102345e-07,3.412393699102345e-07
4413223,0.0003638535442205314,0.0003635131036893299,3.4044053120151074e-07,3.4044053120151074e-07
2232214,0.0026042837816746774,0.0026046227422313133,-3.389605566358686e-07,3.389605566358686e-07
1342322,0.0019051714484825126,0.0019048327376012942,3.3871088121837506e-07,3.3871088121837506e-07
2321421,0.0020042710655198896,0.002004609199218704,-3.3813369881450714e-07,3.3813369881450714e-07
4204134,0.001782688363013065,0.0017830259669574858,-3.376039444207262e-07,3.376039444207262e-07
3221221,0.0012940823984057192,0.0012944186673498,-3.3626894408085063e-07,3.3626894408085063e-07
3422141,0.0009496467546005526,0.0009493136779821922,3.3307661836034976e-07,3.3307661836034976e-07
3421413,0.0009298091888741589,0.0009294830700317051,3.2611884245381875e-07,3.2611884245381875e-07
2130142,0.0009660655032997145,0.0009663903278850466,-3.2482458533209576e-07,3.2482458533209576e-07
0241321,3.604268742263595e-07,3.604125116760648e-08,3.24385623058753e-07,3.24385623058753e-07
2103400,0.0009626508996467508,0.0009629745761244114,-3.2367647766066206e-07,3.2367647766066206e-07
2323214,0.0019086401904165337,0.0019089621905583277,-3.220001417939943e-07,3.220001417939943e-07
2041342,0.0024728534281152304,0.002473175282354146,-3.2185423891545675e-07,3.2185423891545675e-07
0241312,3.569041240134162e-07,3.568899018402155e-08,3.212151338293947e-07,3.212151338293947e-07
2441340,0.0008026456766342711,0.000802327748007786,3.1792862648517394e-07,3.1792862648517394e-07
4232213,0.0016753366489645725,0.0016756539227363977,-3.1727377182520083e-07,3.1727377182520083e-07
4213400,0.0016579426616737363,0.0016582566413876432,-3.1397971390683885e-07,3.1397971390683885e-07
4221340,0.0016579426616737366,0.0016582566413876432,-3.13979713906622e-07,3.13979713906622e-07
3221322,0.0012074390551890688,0.0012077528097510888,-3.13754562019904e-07,3.13754562019904e-07
3422132,0.0008937237039437615,0.0008934102416298895,3.134623138720217e-07,3.134623138720217e-07
3232321,0.0012057777108640867,0.0012060910337236897,-3.1332285960303415e-07,3.1332285960303415e-07
2142324,0.0009270892832538883,0.0009274010026879968,-3.1171943410844213e-07,3.1171943410844213e-07
0232142,3.442987590301136e-07,3.442850391645972e-08,3.0987025511365386e-07,3.0987025511365386e-07
3241342,0.00118655833856804,0.0011868666672495004,-3.08328681460383e-07,3.08328681460383e-07
2413232,0.0007751897659985878,0.0007748827126813604,3.0705331722743253e-07,3.0705331722743253e-07
0042142,0.0007214352537337115,0.0007211292127163346,3.0604101737693405e-07,3.0604101737693405e-07
2322322,0.0018019534473500947,0.0018022574487372922,-3.0400138719744764e-07,3.0400138719744764e-07
1413232,0.0012944156650606079,0.0012947170933380007,-3.014282773927939e-07,3.014282773927939e-07
4004214,0.0009477646288365905,0.0009474639178860885,3.0071095050198185e-07,3.0071095050198185e-07
2134213,0.0008907818445648096,0.0008910813561841509,-2.995116193413392e-07,2.995116193413392e-07
3223214,0.0011525912439329783,0.0011528907462220379,-2.995022890595663e-07,2.995022890595663e-07
0142212,0.00010995613382016834,0.00010965692813850562,2.9920568166271963e-07,2.9920568166271963e-07
2142441,0.00088423067544708,0.0008845279843371173,-2.9730889003736893e-07,2.9730889003736893e-07
2413421,0.0007430560531841297,0.0007427617280575302,2.943251265995466e-07,2.943251265995466e-07
2134204,0.000874484589567246,0.0008747786214866304,-2.940319193844203e-07,2.940319193844203e-07
3421421,0.0008376884206966724,0.0008373946120514546,2.9380864521779543e-07,2.9380864521779543e-07
4214134,0.0015404961846210764,0.001540787922425105,-2.9173780402872926e-07,2.9173780402872926e-07
4204413,0.001535884843037552,0.001536175707549793,-2.908645122408869e-07,2.908645122408869e-07
4223232,0.001530006818281329,0.001530296569618444,-2.897513371150247e-07,2.897513371150247e-07
4232232,0.0015300068182813283,0.0015302965696184425,-2.897513371141573e-07,2.897513371141573e-07
2132321,0.0008599265669669645,0.0008602157039763888,-2.8913700942431037e-07,2.8913700942431037e-07
1413421,0.0012407586341399118,0.0012410475673997941,-2.8893325988233257e-07,2.8893325988233257e-07
4214214,0.0015210765358806026,0.0015213645960087418,-2.8806012813921075e-07,2.8806012813921075e-07
2142320,0.0008551018583267748,0.0008553893731025335,-2.8751477575866043e-07,2.8751477575866043e-07
0141322,0.00010537500959966714,0.00010508826978368691,2.8673981598023677e-07,2.8673981598023677e-07
2131232,0.0008515217927574921,0.0008518081037915686,-2.863110340764821e-07,2.863110340764821e-07
0142413,0.00010516801603324868,0.00010488183947507847,2.8617655817021444e-07,2.8617655817021444e-07
2123232,0.0008505161126755547,0.0008508020855652565,-2.859728897017851e-07,2.859728897017851e-07
2214213,0.0021702299391149504,0.0021705124053935376,-2.8246627858724213e-07,2.8246627858724213e-07
1421342,0.0012080152839300253,0.0012082965923040881,-2.8130837406280945e-07,2.8130837406280945e-07
0123221,0.00010320421578465076,0.00010292338299559682,2.8083278905394855e-07,2.8083278905394855e-07
3423214,0.0007977193376153921,0.000797439547621812,2.797899935801573e-07,2.797899935801573e-07
2213221,0.0021425455828627447,0.0021428244458839307,-2.788630211860224e-07,2.788630211860224e-07
0142323,0.00010245302424056339,0.00010217423554646073,2.787886941026617e-07,2.787886941026617e-07
4204132,0.0014679465146568479,0.0014682245130685887,-2.7799841174078535e-07,2.7799841174078535e-07
1323232,0.001560890291221953,0.0015606127883618067,2.775028601462344e-07,2.775028601462344e-07
2214204,0.0021305246050458857,0.0021308019034767013,-2.77298430815566e-07,2.77298430815566e-07
4413424,0.00029458438439746256,0.0002943087557388965,2.7562865856606104e-07,2.7562865856606104e-07
1421423,0.0011812399286383049,0.0011815150018829274,-2.7507324462249134e-07,2.7507324462249134e-07
2142044,0.0008155711725094683,0.0008158453957034603,-2.7422319399202e-07,2.7422319399202e-07
2134223,0.0008135095096425586,0.0008137830396342949,-2.735299917362233e-07,2.735299917362233e-07
2122134,0.0008122646843122595,0.0008125377957507294,-2.731114384699586e-07,2.731114384699586e-07
4131213,0.0005290875562119862,0.0005288159926249721,2.715635870141186e-07,2.715635870141186e-07
4232322,0.001430639173512055,0.0014309101066925488,-2.709331804937303e-07,2.709331804937303e-07
2120413,0.0008052629792846114,0.0008055337365080479,-2.7075722343653744e-07,2.7075722343653744e-07
0142041,9.907138288813797e-05,9.880179610274959e-05,2.695867853883796e-07,2.695867853883796e-07
2142122,0.0007982882716843229,0.0007985566837701915,-2.684120858685666e-07,2.684120858685666e-07
2121422,0.0007982882716843238,0.0007985566837701922,-2.6841208586845817e-07,2.6841208586845817e-07
2400413,0.0006767078116413389,0.0006764397671089257,2.680445324132301e-07,2.680445324132301e-07
1422321,0.0011508024045380474,0.0011510703898504804,-2.67985312432965e-07,2.67985312432965e-07
4131204,0.0005194076611038437,0.0005191410658949495,2.6659520889417594e-07,2.6659520889417594e-07
0142134,9.784526377731655e-05,9.757901342975665e-05,2.6625034755990305e-07,2.6625034755990305e-07
1312214,0.0014970183464129807,0.0014967521990257124,2.6614738726825696e-07,2.6614738726825696e-07
1342321,0.0014961871661898643,0.0014959211665739613,2.659996159030172e-07,2.659996159030172e-07
3221424,0.0010222974426625732,0.0010225630879429689,-2.656452803956842e-07,2.656452803956842e-07
1322134,0.001490690230026386,0.0014904252076832058,2.6502234318020144e-07,2.6502234318020144e-07
3422322,0.0007531294361564223,0.0007528652855082285,2.641506481938262e-07,2.641506481938262e-07
2141301,0.0007852189427518234,0.000785482960477954,-2.640177261306045e-07,2.640177261306045e-07
1320413,0.0014778405106186318,0.001477577772762651,2.627378559807471e-07,2.627378559807471e-07
1321422,0.0014650403376234905,0.001464779875446099,2.604621773916009e-07,2.604621773916009e-07
2232142,0.001981969776722984,0.00198222774000006,-2.579632770757616e-07,2.579632770757616e-07
2214223,0.001981969776722984,0.0019822277400000595,-2.579632770753279e-07,2.579632770753279e-07
4132042,0.0004977695437403165,0.0004975140546795412,2.5548906077527914e-07,2.5548906077527914e-07
4413420,0.0002717102431043148,0.0002714560166965622,2.54226407752614e-07,2.54226407752614e-07
2321342,0.0014854809822856644,0.001485731592688468,-2.5061040280363947e-07,2.5061040280363947e-07
0413400,0.004233015200410329,0.004232764676845003,2.5052356532589276e-07,2.5052356532589276e-07
3214213,0.0009604898063515111,0.0009607393908396252,-2.4958448811406714e-07,2.4958448811406714e-07
0041301,0.0005854732264928887,0.0005852248621095904,2.48364383298276e-07,2.48364383298276e-07
4131223,0.0004831909867025547,0.0004829429803451547,2.4800635740001393e-07,2.4800635740001393e-07
4413123,0.0002645754951876925,0.00026432794442570286,2.475507619896576e-07,2.475507619896576e-07
2213422,0.001895256891117622,0.0018955035682790373,-2.4667716141523605e-07,2.4667716141523605e-07
3213221,0.0009482373986704653,0.0009484837993549826,-2.4640068451721973e-07,2.4640068451721973e-07
3221321,0.0009482373986704655,0.0009484837993549826,-2.464006845171113e-07,2.464006845171113e-07
3014221,0.0007023691429044111,0.0007021227957886791,2.463471157319614e-07,2.463471157319614e-07
1424134,0.0010535687087915517,0.001053814051465915,-2.453426743633403e-07,2.453426743633403e-07
2321423,0.0014525556694945916,0.001452800725180776,-2.450556861844592e-07,2.450556861844592e-07
3214204,0.0009429172128010458,0.0009431622310285528,-2.4501822750702326e-07,2.4501822750702326e-07
3221420,0.0009429172128010452,0.0009431622310285519,-2.45018227506698e-07,2.45018227506698e-07
3221312,0.0009389694895966562,0.0009392134820033069,-2.4399240665070373e-07,2.4399240665070373e-07
3221232,0.0009378605304117406,0.0009381042346539481,-2.4370424220755e-07,2.4370424220755e-07
3232212,0.0009378605304117406,0.0009381042346539478,-2.4370424220722473e-07,2.4370424220722473e-07
0242214,2.6899293157999413e-07,2.6898221255545706e-08,2.420947103244484e-07,2.420947103244484e-07
2041340,0.001850031728065827,0.0018502725189461257,-2.407908802986268e-07,2.407908802986268e-07
2422142,0.0006075249598840661,0.0006072843187373267,2.406411467394164e-07,2.406411467394164e-07
4214132,0.0012685144818214687,0.0012687547119713384,-2.402301498697409e-07,2.402301498697409e-07
1340040,0.0013484441278064229,0.0013482043946846784,2.397331217444867e-07,2.397331217444867e-07
0232213,2.661847380061841e-07,2.6617413088457145e-08,2.3956732491772695e-07,2.3956732491772695e-07
2122141,0.0007107079698574926,0.0007109469344212965,-2.389645638038902e-07,2.389645638038902e-07
2322321,0.0014151270344431378,0.0014153657756726438,-2.387412295060034e-07,2.387412295060034e-07
0042213,0.0005577570321324829,0.000557520425273198,2.3660685928485886e-07,2.3660685928485886e-07
0241323,2.612122225393256e-07,2.6120181356609943e-08,2.3509204118271564e-07,2.3509204118271564e-07
4130141,0.0004563497479765998,0.00045611551836178676,2.3422961481305536e-07,2.3422961481305536e-07
2121413,0.0006958616957076386,0.0006960956684413562,-2.3397273371755876e-07,2.3397273371755876e-07
3232413,0.0008970207288354265,0.0008972538208036629,-2.3309196823639421e-07,2.3309196823639421e-07
0142141,8.561175947003797e-05,8.537879816119032e-05,2.3296130884764956e-07,2.3296130884764956e-07
1322141,0.001304310586844581,0.0013040787000038433,2.3188684073784105e-07,2.3188684073784105e-07
3241340,0.0008877075157766515,0.0008879381876947232,-2.3067191807168118e-07,2.3067191807168118e-07
4221221,0.0012058038106622575,0.001206032164720725,-2.283540584675607e-07,2.283540584675607e-07
3214223,0.0008771705397334746,0.0008773984736050264,-2.2793387155180863e-07,2.2793387155180863e-07
3232323,0.0008738634609842691,0.0008740905355072356,-2.2707452296646165e-07,2.2707452296646165e-07
1321413,0.001277064300929517,0.0012768372580693672,2.270428601498873e-07,2.270428601498873e-07
0141321,8.27540939298319e-05,8.252890871983575e-05,2.2518520999614887e-07,2.2518520999614887e-07
2044134,0.0017287339545693462,0.0017289589579378873,-2.2500336854108793e-07,2.2500336854108793e-07
2122132,0.0006688556099057718,0.0006690805022607864,-2.2489235501459148e-07,2.2489235501459148e-07
2132212,0.000668855609905772,0.0006690805022607863,-2.2489235501426622e-07,2.2489235501426622e-07
0141312,8.19452696637752e-05,8.17222853752508e-05,2.229842885243964e-07,2.229842885243964e-07
3232041,0.0008450200682397143,0.0008452396477706818,-2.19579530967573e-07,2.19579530967573e-07
0142132,8.05702314087182e-05,8.035098878738528e-05,2.192426213329287e-07,2.192426213329287e-07
0232232,2.4309410548834875e-07,2.430844184989311e-08,2.1878566363845564e-07,2.1878566363845564e-07
2324134,0.0012955599993317375,0.0012957785688167455,-2.1856948500794185e-07,2.1856948500794185e-07
1322132,0.001227501998106783,0.0012272837666799958,2.182314267872021e-07,2.182314267872021e-07
3213422,0.0008387935727576895,0.0008390115343259491,-2.179615682596425e-07,2.179615682596425e-07
3421342,0.0006208592437585489,0.0006206414852116083,2.177585469405937e-07,2.177585469405937e-07
3123221,0.000619091179325504,0.0006188740409048571,2.171384206468537e-07,2.171384206468537e-07
3232134,0.0008345620002841453,0.0008347788622729583,-2.1686198881305015e-07,2.1686198881305015e-07
0042232,0.0005093734818219822,0.0005091573998135205,2.160820084616934e-07,2.160820084616934e-07
2441322,0.0005446710656265647,0.0005444553209601171,2.1574466644756155e-07,2.1574466644756155e-07
3244134,0.0008295047598204751,0.0008297203076789719,-2.1554785849676582e-07,2.1554785849676582e-07
2413214,0.0005441325450412252,0.0005439170136832344,2.1553135799072618e-07,2.1553135799072618e-07
2132413,0.0006397298182704591,0.0006399449175284649,-2.1509925800581014e-07,2.1509925800581014e-07
0044131,0.0005029835733426205,0.0005027702020058124,2.1337133680808355e-07,2.1337133680808355e-07
2413423,0.0005385151247118932,0.0005383018184188117,2.1330629308149388e-07,2.1330629308149388e-07
4221322,0.0011250710276896538,0.001125284092645134,-2.1306495548022338e-07,2.1306495548022338e-07
3421423,0.0006070980545923802,0.0006068851226089279,2.129319834523035e-07,2.129319834523035e-07
4232321,0.0011235230155071576,0.0011237357873014617,-2.1277179430411602e-07,2.1277179430411602e-07
1423213,0.000913241865328739,0.000913454530340249,-2.1266501151002894e-07,2.1266501151002894e-07
1413214,0.000908595186706763,0.0009088067696544738,-2.1158294771078928e-07,2.1158294771078928e-07
4132324,0.00041214875266323137,0.00041193720999445647,2.1154266877489517e-07,2.1154266877489517e-07
1424413,0.0009077078442339785,0.0009079192205478215,-2.1137631384300377e-07,2.1137631384300377e-07
2121421,0.0006269192559889106,0.0006271300478934643,-2.107919045537046e-07,2.107919045537046e-07
2142121,0.0006269192559889107,0.0006271300478934643,-2.107919045535962e-07,2.107919045535962e-07
1421340,0.0009037602382128954,0.0009039706952547355,-2.1045704184019173e-07,2.1045704184019173e-07
0240041,2.3289218114730457e-07,2.3288290069153344e-08,2.0960389107815123e-07,2.0960389107815123e-07
2132323,0.0006232147096694637,0.0006234242559776081,-2.095463081443769e-07,2.095463081443769e-07
1413423,0.0008992151907490629,0.0008994245893937712,-2.0939864470831925e-07,2.0939864470831925e-07
4241342,0.0011056147336375795,0.0011058241139773107,-2.093803397312105e-07,2.093803397312105e-07
1423204,0.0008965336941367402,0.0008967424683460945,-2.0877420935430917e-07,2.0877420935430917e-07
3422321,0.0005914546944079879,0.0005912472491357619,2.0744527222599837e-07,2.0744527222599837e-07
1342212,0.0011637426008418179,0.0011635357048786464,2.0689596317148388e-07,2.0689596317148388e-07
4413012,0.00021913381989576634,0.00021892878675747619,2.0503313829015567e-07,2.0503313829015567e-07
0232322,2.2730614400278836e-07,2.2729708614345815e-08,2.0457643538844254e-07,2.0457643538844254e-07
1321421,0.0011505392613607866,0.0011503347127531534,2.0454860763323944e-07,2.0454860763323944e-07
0123232,7.479520676254062e-05,7.45916787732692e-05,2.0352798927141522e-07,2.0352798927141522e-07
4223214,0.0010739647767271524,0.0010741681632260576,-2.0338649890519825e-07,2.0338649890519825e-07
2132041,0.0006026444175840921,0.0006028470474496413,-2.0262986554918545e-07,2.0262986554918545e-07
1312142,0.0011392940887119446,0.0011390915393271839,2.0254938476070225e-07,2.0254938476070225e-07
0340042,0.0002528126067698535,0.0002530150365642838,-2.0242979443033365e-07,2.0242979443033365e-07
2213232,0.0015527673811579017,0.001552969481597012,-2.0210043911029867e-07,2.0210043911029867e-07
0042322,0.00047629177094867285,0.00047608972257718663,2.0204837148621486e-07,2.0204837148621486e-07
1424132,0.0008675562964959672,0.0008677583227901873,-2.0202629422009285e-07,2.0202629422009285e-07
4132441,0.0003930954402503625,0.00039289367703264913,2.0176321771338745e-07,2.0176321771338745e-07
2131214,0.0005977126383426031,0.000597913609973652,-2.0097163104895212e-07,2.0097163104895212e-07
2123214,0.0005970067166618943,0.0005972074509376956,-2.007342758012995e-07,2.007342758012995e-07
2132134,0.000595186019246562,0.0005953861413410136,-2.0012209445163277e-07,2.0012209445163277e-07
2232213,0.0015323032451215989,0.001532502682051074,-1.9943692947522844e-07,1.9943692947522844e-07
1420441,0.0008550876471629946,0.0008552867699049866,-1.9912274199201507e-07,1.9912274199201507e-07
1342413,0.0011130666043976363,0.0011128687178658322,1.9788653180408816e-07,1.9788653180408816e-07
4132320,0.00038014587232897265,0.0003799507557070333,1.951166219393537e-07,1.951166219393537e-07
1422122,0.0008369673463224774,0.0008371622494221893,-1.9490309971189387e-07,1.9490309971189387e-07
1323214,0.0010956429560168982,0.0010954481671481971,1.9478886870106724e-07,1.9478886870106724e-07
4413212,0.00020781946593148885,0.00020762501909841693,1.9444683307191834e-07,1.9444683307191834e-07
0122134,7.143133928165896e-05,7.12369648359659e-05,1.9437444569305818e-07,1.9437444569305818e-07
1422323,0.0008340211989969281,0.0008342154160325442,-1.9421703561606045e-07,1.9421703561606045e-07
1423223,0.0008340211989969278,0.0008342154160325432,-1.9421703561540993e-07,1.9421703561540993e-07
2213421,0.0014884009727217542,0.0014885946955509495,-1.9372282919526487e-07,1.9372282919526487e-07
2212214,0.0014874689919569268,0.0014876625934841653,-1.9360152723850443e-07,1.9360152723850443e-07
1342323,0.0010843319490372433,0.001084139171095771,1.9277794147229584e-07,1.9277794147229584e-07
0120413,7.081560259257281e-05,7.062290365064107e-05,1.9269894193174402e-07,1.9269894193174402e-07
4134242,0.00037490558138216586,0.0003747131544326438,1.9242694952205635e-07,1.9242694952205635e-07
4130122,0.0003742099773174946,0.0003740179073991156,1.920699183789623e-07,1.920699183789623e-07
0040042,0.0004505999808323348,0.0004504088312096202,1.9114962271463446e-07,1.9114962271463446e-07
0121422,7.020224008327164e-05,7.001121018463302e-05,1.910298986386173e-07,1.910298986386173e-07
4413241,0.0002030105926193973,0.0002028206452213613,1.8994739803599283e-07,1.8994739803599283e-07
3424134,0.0005414814534961493,0.000541291535707706,1.899177884432746e-07,1.899177884432746e-07
3232141,0.000730217472700236,0.0007304072206318959,-1.8974793165990513e-07,1.8974793165990513e-07
2122322,0.0005636359941395177,0.0005638255080259464,-1.8951388642868446e-07,1.8951388642868446e-07
2323213,0.0011230018702739434,0.001123191328068701,-1.8945779475766297e-07,1.8945779475766297e-07
2324413,0.0011161967551390664,0.0011163850648661837,-1.8830972711735873e-07,1.8830972711735873e-07
2321340,0.001111342434380146,0.0011115299251514543,-1.8749077130837503e-07,1.8749077130837503e-07
1342041,0.0010485416755357938,0.0010483552605676306,1.8641496816323988e-07,1.8641496816323988e-07
4132044,0.0003625720278828999,0.0003623859313488068,1.8609653409311193e-07,1.8609653409311193e-07
2323204,0.001102456045328963,0.0011026420369080465,-1.8599157908358484e-07,1.8599157908358484e-07
4004130,0.0005853544127804303,0.0005851686889451101,1.8572383532022667e-07,1.8572383532022667e-07
2044132,0.0014235180057437901,0.0014237032837303915,-1.8527798660138844e-07,1.8527798660138844e-07
0242142,2.047149639740221e-07,2.0470680634434367e-08,1.8424428333958772e-07,1.8424428333958772e-07
1342134,0.001035564800182002,0.0010353806923074549,1.8410787454704695e-07,1.8410787454704695e-07
1322322,0.0010344000988623402,0.0010342161980542008,1.8390080813940682e-07,1.8390080813940682e-07
2141324,0.0005427034659603387,0.0005428859416078877,-1.8247564754895508e-07,1.8247564754895508e-07
4132122,0.0003548887053096032,0.0003547065523773083,1.821529322948586e-07,1.821529322948586e-07
2232232,0.0013993810821004895,0.001399563218545784,-1.8213644529456278e-07,1.8213644529456278e-07
4221424,0.0009525592446906455,0.0009527396395173424,-1.8039482669685112e-07,1.8039482669685112e-07
2324132,0.001066822909155835,0.0010670028891907,-1.7998003486500123e-07,1.7998003486500123e-07
3232132,0.0006872162319562857,0.00068739480596128,-1.7857400499434427e-07,1.7857400499434427e-07
3213232,0.0006872162319562856,0.0006873948059612799,-1.7857400499434427e-07,1.7857400499434427e-07
3221323,0.0006872162319562854,0.0006873948059612791,-1.7857400499369375e-07,1.7857400499369375e-07
3014232,0.0005090280941311803,0.0005088495589491006,1.785351820797346e-07,1.785351820797346e-07
3244132,0.0006830518706094272,0.0006832293624998704,-1.7749189044327564e-07,1.7749189044327564e-07
2320441,0.0010514903701513106,0.001051667763486096,-1.7739333478539177e-07,1.7739333478539177e-07
4004213,0.0005576438430392182,0.0005574669113359449,1.7693170327329547e-07,1.7693170327329547e-07
3223213,0.000678159314205591,0.0006783355347590792,-1.7622055348818534e-07,1.7622055348818534e-07
2132141,0.0005207704527797384,0.0005209455537907984,-1.7510101105991296e-07,1.7510101105991296e-07
2142103,0.0005196450517747921,0.0005198197743871684,-1.7472261237621526e-07,1.7472261237621526e-07
2142210,0.0005196450517747924,0.0005198197743871684,-1.7472261237599842e-07,1.7472261237599842e-07
4004204,0.0005474414978036443,0.0005472678031455612,1.736946580831308e-07,1.736946580831308e-07
2322122,0.0010292080673940853,0.0010293817015579777,-1.7363416389241937e-07,1.7363416389241937e-07
2322323,0.0010255852276160342,0.001025758250583051,-1.730229670167567e-07,1.730229670167567e-07
2323223,0.0010255852276160342,0.0010257582505830507,-1.7302296701653987e-07,1.7302296701653987e-07
3223204,0.0006657520841525572,0.0006659250806716611,-1.7299651910388653e-07,1.7299651910388653e-07
2103221,0.0005130162432422293,0.0005131887370202501,-1.7249377802074778e-07,1.7249377802074778e-07
0041324,0.00040464936840564435,0.00040447771155390747,1.7165685173688378e-07,1.7165685173688378e-07
3400424,0.0004893841413290159,0.0004892124960155515,1.716453134644304e-07,1.716453134644304e-07
3213421,0.0006587292601105331,0.0006589004317399487,-1.7117162941563107e-07,1.7117162941563107e-07
3212214,0.0006583167885985525,0.0006584878530467252,-1.7106444817269195e-07,1.7106444817269195e-07
3221214,0.0006583167885985527,0.0006584878530467252,-1.710644481724751e-07,1.710644481724751e-07
2232322,0.0013084970411919646,0.0013086673486248789,-1.7030743291427015e-07,1.7030743291427015e-07
0122141,6.250034392182597e-05,6.233027193622973e-05,1.7007198559624236e-07,1.7007198559624236e-07
4214213,0.0008949679479666326,0.0008951374362045282,-1.6948823789559274e-07,1.6948823789559274e-07
2441321,0.0004277462056417668,0.0004275767750105396,1.6943063122718807e-07,1.6943063122718807e-07
2141320,0.0005005631611167918,0.000500731467738535,-1.6830662174322983e-07,1.6830662174322983e-07
2441312,0.0004235654878741348,0.00042339771322872613,1.6777464540866432e-07,1.6777464540866432e-07
4221321,0.0008835513643782978,0.0008837186905536973,-1.6732617539943432e-07,1.6732617539943432e-07
4213221,0.000883551364378297,0.0008837186905536962,-1.6732617539921748e-07,1.6732617539921748e-07
0121413,6.119474826274023e-05,6.102822898153236e-05,1.6651928120786863e-07,1.6651928120786863e-07
4221420,0.0008785941063221789,0.0008787604936964354,-1.6638737425649e-07,1.6638737425649e-07
4214204,0.0008785941063221789,0.0008787604936964354,-1.6638737425649e-07,1.6638737425649e-07
3204221,0.0006401462168862552,0.000640312559688441,-1.6634280218573785e-07,1.6634280218573785e-07
4221312,0.0008749156854664773,0.0008750813762246478,-1.6569075817049386e-07,1.6569075817049386e-07
4221232,0.0008738823762949071,0.0008740478713659014,-1.6549507099428672e-07,1.6549507099428672e-07
4232212,0.0008738823762949066,0.0008740478713659002,-1.654950709936362e-07,1.654950709936362e-07
2132132,0.000490103183850239,0.0004902679734663892,-1.647896161501147e-07,1.647896161501147e-07
3423213,0.00046936049685733175,0.0004691958745845469,1.6462227278482133e-07,1.6462227278482133e-07
3424413,0.00046651628768420045,0.0004663526629818993,1.6362470230113762e-07,1.6362470230113762e-07
2041322,0.0012554216413324217,0.0012555850407366456,-1.633994042239597e-07,1.633994042239597e-07
0141323,5.9974386887875976e-05,5.9811188376909415e-05,1.631985109665606e-07,1.631985109665606e-07
3421340,0.0004644874162605433,0.00046432450315929863,1.6291310124468298e-07,1.6291310124468298e-07
1034221,0.0003562980208454478,0.00035645968949302696,-1.6166864757918668e-07,1.6166864757918668e-07
3423204,0.0004607733351973362,0.0004606117247631675,1.6161043416869489e-07,1.6161043416869489e-07
4004223,0.0005092701115026157,0.0005091085280306935,1.615834719221861e-07,1.615834719221861e-07
1342141,0.0009060890754057403,0.0009059279863712407,1.6108903449954092e-07,1.6108903449954092e-07
3223223,0.0006193312700804436,0.0006194922040924371,-1.6093401199353263e-07,1.6093401199353263e-07
0232321,1.785101995539372e-07,1.7850308615062992e-08,1.606598909388742e-07,1.606598909388742e-07
0122132,5.8819807046114406e-05,5.8659750304838986e-05,1.6005674127542044e-07,1.6005674127542044e-07
0322142,0.00019845196443970842,0.0001986108670786199,-1.5890263891147173e-07,1.5890263891147173e-07
0042321,0.0003740459346180403,0.0003738872600900298,1.5867452801048097e-07,1.5867452801048097e-07
0041320,0.00037322880670131076,0.00037307047880823083,1.583278930799236e-07,1.583278930799236e-07
3400420,0.00045138402119949126,0.00045122570394875045,1.583172507408086e-07,1.583172507408086e-07
4232413,0.0008358285487889621,0.0008359868372597824,-1.5828847082025033e-07,1.5828847082025033e-07
3123232,0.00044867404311407024,0.0004485166763539542,1.573667601160165e-07,1.573667601160165e-07
4241340,0.0008271506564000271,0.0008273073014592658,-1.5664505923862568e-07,1.5664505923862568e-07
1312213,0.0008808126389129924,0.0008806560436494261,1.5659526356626586e-07,1.5659526356626586e-07
3241322,0.0006023935749710542,0.000602550107701602,-1.5653273054778895e-07,1.5653273054778895e-07
3424132,0.00044588040675125606,0.0004457240198238486,1.563869274074487e-07,1.563869274074487e-07
2134212,0.00046464604924017084,0.0004648022792885018,-1.5623004833093326e-07,1.5623004833093326e-07
2121342,0.00046464604924017117,0.0004648022792885018,-1.56230048330608e-07,1.56230048330608e-07
4214223,0.0008173324826257965,0.000817487268327977,-1.5478570218054825e-07,1.5478570218054825e-07
4232323,0.000814251003298928,0.0008144052054332811,-1.542021343531319e-07,1.542021343531319e-07
3420441,0.0004394721466087392,0.00043931800729773025,1.5413931100894881e-07,1.5413931100894881e-07
1421221,0.0006572950707848966,0.0006574481339208533,-1.5306313595666449e-07,1.5306313595666449e-07
1422121,0.0006572950707848974,0.0006574481339208539,-1.5306313595655607e-07,1.5306313595655607e-07
3204004,0.0005889350095046179,0.0005890880450099479,-1.5303550533003665e-07,1.5303550533003665e-07
2142131,0.00045488452245346647,0.000455037470339377,-1.5294788591055852e-07,1.5294788591055852e-07
2142123,0.0004543472862867541,0.0004545000535353121,-1.5276724855798913e-07,1.5276724855798913e-07
2121423,0.0004543472862867544,0.00045450005353531197,-1.5276724855755545e-07,1.5276724855755545e-07
2134241,0.00045389429422172434,0.0004540469091587047,-1.5261493698035932e-07,1.5261493698035932e-07
2103422,0.00045380484692464796,0.0004539574317863584,-1.525848617104481e-07,1.525848617104481e-07
1301422,0.0008533405207971473,0.0008531888096637425,1.5171113340486757e-07,1.5171113340486757e-07
1321342,0.0008527310609461493,0.000852579458165557,1.5160278059225124e-07,1.5160278059225124e-07
1342132,0.000852731060946149,0.0008525794581655568,1.5160278059214282e-07,1.5160278059214282e-07
3422122,0.0004301592211630272,0.0004300083482431257,1.508729199014864e-07,1.508729199014864e-07
4130121,0.00029387810003587457,0.00029372726188053763,1.5083815533694115e-07,1.5083815533694115e-07
3423223,0.0004286450492606723,0.00042849470741746263,1.5034184320969436e-07,1.5034184320969436e-07
3422323,0.0004286450492606725,0.00042849470741746306,1.503418432094233e-07,1.503418432094233e-07
3122134,0.0004284952096235931,0.00042834492033474563,1.502892888474651e-07,1.502892888474651e-07
0121421,5.513188366014647e-05,5.498186226289674e-05,1.5002139724973226e-07,1.5002139724973226e-07
0241301,1.6613428557718596e-07,1.661276653382334e-08,1.4952151904336262e-07,1.4952151904336262e-07
4232041,0.0007873752240389211,0.0007875243364619842,-1.4911242306311565e-07,1.4911242306311565e-07
3120413,0.0004248015896478768,0.0004246525958496375,1.489937982392846e-07,1.489937982392846e-07
2122321,0.0004426399217277335,0.00044278875255601176,-1.48830828278245e-07,1.48830828278245e-07
1321423,0.0008338304912026613,0.0008336822486596159,1.4824254304538018e-07,1.4824254304538018e-07
4213422,0.0007815734822112395,0.0007817214959055696,-1.480136943301201e-07,1.480136943301201e-07
0142042,5.439221117228386e-05,5.424420252505765e-05,1.4800864722621098e-07,1.4800864722621098e-07
2413122,0.0003735486856176938,0.0003734007226696573,1.4796294803650538e-07,1.4796294803650538e-07
3121422,0.00042112221166558904,0.00042097450836275723,1.47703302831809e-07,1.47703302831809e-07
0340044,0.0001841470227811444,0.00018429447129822128,-1.4744851707686928e-07,1.4744851707686928e-07
2214212,0.0011320266272884644,0.0011321739662145888,-1.4733892612439972e-07,1.4733892612439972e-07
2212142,0.0011320266272884653,0.0011321739662145888,-1.4733892612353236e-07,1.4733892612353236e-07
4232134,0.0007776305754689957,0.0007777778424591367,-1.4726699014107943e-07,1.4726699014107943e-07
4244134,0.0007729183254375903,0.0007730647000259895,-1.4637458839916653e-07,1.4637458839916653e-07
1413122,0.0006237534234001022,0.0006238986757521929,-1.4525235209072746e-07,1.4525235209072746e-07
0342214,0.00018114925648956653,0.0001812943046626816,-1.4504817311505294e-07,1.4504817311505294e-07
1322321,0.000812344817499802,0.0008122003947869758,1.4442271282621294e-07,1.4442271282621294e-07
2142422,0.00042813497991156616,0.00042827893367747635,-1.4395376591019166e-07,1.4395376591019166e-07
2214241,0.001105831907693049,0.0011059758372454322,-1.439295523831749e-07,1.439295523831749e-07
4132121,0.00027870453692390573,0.00027856148686938143,1.430500545243022e-07,1.430500545243022e-07
1312232,0.0008044050991173332,0.0008042620879672369,1.4301115009622903e-07,1.4301115009622903e-07
0123214,5.250134611898375e-05,5.2358482774230094e-05,1.4286334475365853e-07,1.4286334475365853e-07
1421322,0.0006132868666065615,0.0006134296816301573,-1.428150235958806e-07,1.428150235958806e-07
0242213,1.5826951919569482e-07,1.582632123576312e-08,1.424431979599317e-07,1.424431979599317e-07
2213214,0.0010899412041102544,0.0010900830654081077,-1.4186129785329418e-07,1.4186129785329418e-07
4131212,0.0002759805267653837,0.0002758388748574632,1.416519079204927e-07,1.416519079204927e-07
2213423,0.0010786890598789593,0.001078829456653976,-1.4039677501674099e-07,1.4039677501674099e-07
4134244,0.0002730787341566713,0.0002729385716453546,1.4016251131666836e-07,1.4016251131666836e-07
0040044,0.00032821403171184616,0.0003280747995968882,1.3923211495797108e-07,1.3923211495797108e-07
4131241,0.00026959442917885414,0.00026945605504896355,1.3837412989059234e-07,1.3837412989059234e-07
2321221,0.0008082673624993904,0.0008084037225145667,-1.3636001517628067e-07,1.3636001517628067e-07
2322121,0.0008082673624993906,0.0008084037225145666,-1.363600151759554e-07,1.363600151759554e-07
2124134,0.000405240351388981,0.0004053766071901153,-1.3625580113426228e-07,1.3625580113426228e-07
0122322,4.9566692614272724e-05,4.943181486315358e-05,1.3487775111914582e-07,1.3487775111914582e-07
0441342,0.0022626818385851036,0.002262547925737037,1.33912848066485e-07,1.33912848066485e-07
2232321,0.0010276012070137835,0.0010277349544492896,-1.3374743550609997e-07,1.3374743550609997e-07
1312322,0.0007521622991607478,0.0007520285759961635,1.3372316458434754e-07,1.3372316458434754e-07
0413221,0.0022558598932371408,0.002255726384133919,1.335091032216365e-07,1.335091032216365e-07
1301413,0.0007438503143295061,0.0007437180689110356,1.322454184705035e-07,1.322454184705035e-07
1324134,0.0007437081093085941,0.0007435758891720422,1.3222013655190927e-07,1.3222013655190927e-07
3122141,0.0003749208434232159,0.00037478934466741515,1.3149875580076818e-07,1.3149875580076818e-07
3214212,0.000501006836387331,0.0005011370236459304,-1.3018725859934716e-07,1.3018725859934716e-07
3212142,0.0005010068363873314,0.0005011370236459304,-1.301872585990219e-07,1.301872585990219e-07
0242232,1.4454016966988792e-07,1.44534409928856e-08,1.3008672867700232e-07,1.3008672867700232e-07
3221034,0.000497884213123677,0.0004980135889646801,-1.2937584100314748e-07,1.2937584100314748e-07
4232141,0.0006804041321316648,0.000680532986464017,-1.2885433235221375e-07,1.2885433235221375e-07
3121413,0.00036708896610928687,0.00036696021428564635,1.2875182364051677e-07,1.2875182364051677e-07
0244131,1.4272696484328716e-07,1.4272127735615029e-08,1.2845483710767214e-07,1.2845483710767214e-07
2041321,0.0009859195346511754,0.0009860478570085983,-1.283223574229369e-07,1.283223574229369e-07
2321322,0.0007541510352963249,0.0007542782655315034,-1.2723023517851803e-07,1.2723023517851803e-07
3214241,0.0004894137048494382,0.0004895408796181785,-1.2717476874032647e-07,1.2717476874032647e-07
2041312,0.000976283326868134,0.0009764103950249295,-1.2706815679546825e-07,1.2706815679546825e-07
3014134,0.00036186617026811587,0.00036173925027422493,1.2691999389094271e-07,1.2691999389094271e-07
1422103,0.0005448231615577867,0.0005449500335599607,-1.2687200217395122e-07,1.2687200217395122e-07
2413213,0.0003201556106941565,0.00032002879678793054,1.26813906225977e-07,1.26813906225977e-07
2413014,0.0003169403172347923,0.00031681477690900507,1.255403257872218e-07,1.255403257872218e-07
3213214,0.00048238087458019405,0.00048250622185911556,-1.2534727892151093e-07,1.2534727892151093e-07
3014214,0.00035730444918901055,0.00035717912916123743,1.2532002777312446e-07,1.2532002777312446e-07
2103232,0.00037179833879955905,0.00037192335024113874,-1.2501144157968814e-07,1.2501144157968814e-07
0232212,1.388462142973154e-07,1.3884068145312781e-08,1.249621461520026e-07,1.249621461520026e-07
2423221,0.00031498632794496064,0.0003148615615959722,1.2476634898844633e-07,1.2476634898844633e-07
2413204,0.00031429821961886754,0.00031417372583016496,1.244937887025818e-07,1.244937887025818e-07
1413213,0.000534597405585869,0.000534721896334408,-1.2449074853902904e-07,1.2449074853902904e-07
3213423,0.000477400955338013,0.0004775250085786359,-1.2405324062290295e-07,1.2405324062290295e-07
3122132,0.0003528424050802528,0.0003527186500581575,1.2375502209528537e-07,1.2375502209528537e-07
0042212,0.00029093498368603743,0.00029081156576608256,1.2341791995486686e-07,1.2341791995486686e-07
1413014,0.0005292284928317039,0.0005293517333310631,-1.232404993592364e-07,1.232404993592364e-07
3241321,0.0004730773897461103,0.0004732003195027584,-1.2292975664810564e-07,1.2292975664810564e-07
2441323,0.0003100005716784528,0.000309877780191708,1.2279148674476615e-07,1.2279148674476615e-07
0142324,4.503626682500898e-05,4.491371698220567e-05,1.2254984280331022e-07,1.2254984280331022e-07
1413204,0.0005248167053021475,0.0005249389184363797,-1.2221313423212924e-07,1.2221313423212924e-07
3241312,0.00046845361278984455,0.0004685753410522165,-1.2172826237196463e-07,1.2172826237196463e-07
0242322,1.3515288063101827e-07,1.3514749496145722e-08,1.2163813113487255e-07,1.2163813113487255e-07
4213232,0.000640336312635673,0.0006404575789598311,-1.2126632415810149e-07,1.2126632415810149e-07
4232132,0.0006403363126356732,0.0006404575789598312,-1.2126632415799306e-07,1.2126632415799306e-07
4221323,0.0006403363126356731,0.0006404575789598311,-1.2126632415799306e-07,1.2126632415799306e-07
1421424,0.0005192490607753753,0.0005193699773821126,-1.2091660673728064e-07,1.2091660673728064e-07
3204232,0.00046393326363889325,0.0004640538172828348,-1.2055364394155657e-07,1.2055364394155657e-07
3232042,0.0004639332636388933,0.00046405381728283475,-1.2055364394144815e-07,1.2055364394144815e-07
4244132,0.0006364560320699208,0.0006365765635499781,-1.2053148005727616e-07,1.2053148005727616e-07
2103421,0.00035638629188161804,0.0003565061212607681,-1.198293791500782e-07,1.198293791500782e-07
4223213,0.0006318972318243617,0.0006320168999628642,-1.1966813850256258e-07,1.1966813850256258e-07
0232413,1.3280005747799037e-07,1.327947655654247e-08,1.195205809214479e-07,1.195205809214479e-07
1301421,0.0006701534062057329,0.0006700342629911162,1.1914321461673708e-07,1.1914321461673708e-07
4132210,0.00023101449211547932,0.00023089591982362566,1.1857229185365122e-07,1.1857229185365122e-07
4132103,0.00023101449211547948,0.0002308959198236259,1.185722918535699e-07,1.185722918535699e-07
3422121,0.0003378166865953096,0.00033769820165440736,1.1848494090222796e-07,1.1848494090222796e-07
3421221,0.0003378166865953092,0.00033769820165440703,1.1848494090217375e-07,1.1848494090217375e-07
1032214,0.00026091349104149364,0.0002610318793814899,-1.1838833999624262e-07,1.1838833999624262e-07
2131213,0.00035168095805350794,0.00035179920533692614,-1.1824728341820355e-07,1.1824728341820355e-07
2123213,0.00035126560927709456,0.0003513837169059103,-1.1810762881575955e-07,1.1810762881575955e-07
0413422,0.0019954926710781897,0.00199537457135143,1.1809972675974265e-07,1.1809972675974265e-07
0042413,0.0002782660135992702,0.00027814797000012115,1.1804359914904545e-07,1.1804359914904545e-07
4223204,0.0006203363874019796,0.0006204538661579977,-1.1747875601811862e-07,1.1747875601811862e-07
2124413,0.00034913702607761193,0.0003492544180032451,-1.1739192563316831e-07,1.1739192563316831e-07
1034232,0.0002582199180101976,0.00025833708415337093,-1.1716614317332837e-07,1.1716614317332837e-07
0142441,4.295427565997116e-05,4.28373911999355e-05,1.1688446003565718e-07,1.1688446003565718e-07
2121340,0.00034761863507208927,0.00034773551646222846,-1.1688139013918799e-07,1.1688139013918799e-07
0232323,1.2937172365825848e-07,1.2936656836041422e-08,1.1643506682221705e-07,1.1643506682221705e-07
4213421,0.0006137926402635313,0.0006139088797705079,-1.1623950697662623e-07,1.1623950697662623e-07
2413121,0.00029335876821661095,0.0002932425685621912,1.1619965441977053e-07,1.1619965441977053e-07
4212214,0.000613408306374477,0.000613524473096642,-1.1616672216502831e-07,1.1616672216502831e-07
4221214,0.0006134083063744778,0.0006135244730966425,-1.1616672216470305e-07,1.1616672216470305e-07
2131204,0.0003452467965512761,0.0003453628804473937,-1.1608389611757544e-07,1.1608389611757544e-07
3121421,0.00033071965727462914,0.00033060366152722455,1.1599574740458292e-07,1.1599574740458292e-07
2123204,0.0003448390467677743,0.0003449549935643329,-1.1594679655860208e-07,1.1594679655860208e-07
2413223,0.0002923831861350513,0.00029226737290951314,1.1581322553814695e-07,1.1581322553814695e-07
0240042,1.2786256059068992e-07,1.278574654310649e-08,1.1507681404758343e-07,1.1507681404758343e-07
0042323,0.0002710823662167197,0.00027096737000227,1.1499621444969804e-07,1.1499621444969804e-07
1323213,0.0006446521952840829,0.0006445375858019193,1.1460948216358326e-07,1.1460948216358326e-07
1413121,0.0004898519068725129,0.0004899659778162224,-1.1407094370951762e-07,1.1407094370951762e-07
1324413,0.000640745761530959,0.000640631846554069,1.1391497688998005e-07,1.1391497688998005e-07
2212213,0.0008751940089753524,0.0008753079198519374,-1.1391087658503204e-07,1.1391087658503204e-07
1413223,0.00048822287513820373,0.0004883365667321859,-1.1369159398221407e-07,1.1369159398221407e-07
3221301,0.00043707823708714433,0.00043719181241855026,-1.1357533140593339e-07,1.1357533140593339e-07
1321340,0.000637959169080238,0.0006378457495176508,1.1341956258719126e-07,1.1341956258719126e-07
2142421,0.00033622699041120966,0.0003363400415370027,-1.1305112579304251e-07,1.1305112579304251e-07
0142320,4.1539252097706876e-05,4.142621811035354e-05,1.1303398735333403e-07,1.1303398735333403e-07
2322103,0.0006699620906863641,0.0006700751176933813,-1.1302700701721832e-07,1.1302700701721832e-07
4204221,0.0005964772789224439,0.0005965902392616147,-1.1296033917073626e-07,1.1296033917073626e-07
0232041,1.251015835252539e-07,1.2509659838703653e-08,1.1259192368655024e-07,1.1259192368655024e-07
1323204,0.0006328579930611846,0.0006327454804111101,1.1251265007454665e-07,1.1251265007454665e-07
3204131,0.0004320787243172002,0.00043219100051890557,-1.1227620170536174e-07,1.1227620170536174e-07
2124132,0.0003336932992675911,0.0003338054984789209,-1.1219921132980685e-07,1.1219921132980685e-07
1421321,0.0004816322120197652,0.0004817443688577306,-1.1215683796538672e-07,1.1215683796538672e-07
1421420,0.0004789299637302148,0.0004790414913004196,-1.1152757020482058e-07,1.1152757020482058e-07
2132042,0.0003308640847382042,0.00033097533266990205,-1.1124793169786304e-07,1.1124793169786304e-07
0042041,0.00026213481833995485,0.0002620236177768002,1.1120056315463891e-07,1.1120056315463891e-07
0232134,1.2355331158352148e-07,1.235483881419621e-08,1.1119847276932528e-07,1.1119847276932528e-07
0121342,4.086142144325668e-05,4.0750231925838494e-05,1.1118951741818342e-07,1.1118951741818342e-07
1421312,0.0004769248217035054,0.00047703588233984713,-1.110606363417181e-07,1.110606363417181e-07
1422131,0.0004769248217035055,0.00047703588233984713,-1.1106063634160968e-07,1.1106063634160968e-07
1421232,0.0004763615550932457,0.00047647248456269235,-1.1092946944666433e-07,1.1092946944666433e-07
1422123,0.00047636155509324585,0.00047647248456269235,-1.109294694465017e-07,1.109294694465017e-07
1423212,0.0004763615550932459,0.0004764724845626922,-1.1092946944628486e-07,1.1092946944628486e-07
2120441,0.00032889740907563944,0.00032900799574306074,-1.105866674212916e-07,1.105866674212916e-07
3421322,0.00031519867775982194,0.0003150881258001681,1.1055195965381558e-07,1.1055195965381558e-07
3123214,0.0003149398504495223,0.00031482938927028254,1.1046117923975939e-07,1.1046117923975939e-07
0342142,0.00013786222298987932,0.0001379726107660909,-1.1038777621158328e-07,1.1038777621158328e-07
0042134,0.00025889060693391004,0.0002587807826020307,1.0982433187932232e-07,1.0982433187932232e-07
2214131,0.000843647589423631,0.0008437573943759672,-1.0980495233621317e-07,1.0980495233621317e-07
2400441,0.00027639100725555425,0.00027628152854549873,1.0947871005551838e-07,1.0947871005551838e-07
4130123,0.0002129823194532227,0.00021287300249431447,1.0931695890823855e-07,1.0931695890823855e-07
4223223,0.0005770822680575252,0.0005771915553867034,-1.0928732917822679e-07,1.0928732917822679e-07
1324132,0.0006124030142522353,0.0006122941381903025,1.0887606193281558e-07,1.0887606193281558e-07
4413124,0.0001163020094814753,0.00011619319119863448,1.0881828284081208e-07,1.0881828284081208e-07
0121423,3.9955738302138995e-05,3.9847013272441455e-05,1.0872502969754049e-07,1.0872502969754049e-07
1423241,0.00046533870716643265,0.00046544706976485564,-1.0836259842298681e-07,1.0836259842298681e-07
2122122,0.00032192769080419635,0.0003220359340116347,-1.0824320743836645e-07,1.0824320743836645e-07
2131223,0.00032117381543233614,0.0003212818051608394,-1.079897285032592e-07,1.079897285032592e-07
2122323,0.00032079449676807254,0.0003209023589565411,-1.0786218846857345e-07,1.0786218846857345e-07
2123223,0.00032079449676807265,0.00032090235895654117,-1.0786218846851924e-07,1.0786218846851924e-07
0142044,3.9618925170838214e-05,3.951111665574553e-05,1.078085150926829e-07,1.078085150926829e-07
2321424,0.0006385139452392832,0.0006386216667375178,-1.07721498234588e-07,1.07721498234588e-07
1320441,0.0006036014661959224,0.0006034941549170966,1.0731127882579895e-07,1.0731127882579895e-07
3221032,0.00040998046014182287,0.00041008699408169813,-1.0653393987526639e-07,1.0653393987526639e-07
4241322,0.0005613000139043905,0.0005614063124042444,-1.0629849985389211e-07,1.0629849985389211e-07
0122321,3.892618137807112e-05,3.882025791360303e-05,1.0592346446808873e-07,1.0592346446808873e-07
0142122,3.8779354109958786e-05,3.867383018257255e-05,1.0552392738623703e-07,1.0552392738623703e-07
1322122,0.0005908104497527122,0.000590705412524578,1.0503722813412237e-07,1.0503722813412237e-07
1312321,0.0005906951732835094,0.0005905901565498018,1.0501673370765397e-07,1.0501673370765397e-07
1322323,0.0005887307812517922,0.0005886261137574956,1.0466749429660898e-07,1.0466749429660898e-07
1323223,0.0005887307812517922,0.0005886261137574956,1.0466749429660898e-07,1.0466749429660898e-07
3014132,0.00029797702977063127,0.0002978725180867397,1.0451168389155781e-07,1.0451168389155781e-07
3122322,0.00029733574304625194,0.0002972314562855887,1.042867606632406e-07,1.042867606632406e-07
4413242,0.00011145695862984526,0.00011135267363165098,1.0428499819428564e-07,1.0428499819428564e-07
2212232,0.0007992738664666883,0.0007993778959570952,-1.040294904068725e-07,1.040294904068725e-07
2232212,0.0007992738664666886,0.0007993778959570952,-1.0402949040654724e-07,1.0402949040654724e-07
2142400,0.0003093290885271596,0.0003094330956494186,-1.0400712225895701e-07,1.0400712225895701e-07
4204004,0.0005487595531536145,0.0005488634767521114,-1.0392359849694006e-07,1.0392359849694006e-07
0141301,3.8144470506340777e-05,3.8040674184089376e-05,1.0379632225140082e-07,1.0379632225140082e-07
4132131,0.00020222441562153565,0.000202120620347874,1.037952736616444e-07,1.037952736616444e-07
4132123,0.00020198558078653577,0.00020188190809909597,1.036726874397906e-07,1.036726874397906e-07
0241324,1.1482358319274549e-07,1.1481900761970533e-08,1.0334168243077496e-07,1.0334168243077496e-07
1342042,0.0005756707797556328,0.0005755684341335327,1.0234562210014678e-07,1.0234562210014678e-07
2130141,0.0003033326236680289,0.000303434614571714,-1.0199090368507831e-07,1.0199090368507831e-07
3212213,0.0003873391058937991,0.0003874397564492048,-1.0065055540571782e-07,1.0065055540571782e-07
3221213,0.00038733910589379926,0.0003874397564492048,-1.0065055540555519e-07,1.0065055540555519e-07
4413120,0.00010727129115946488,0.0001071709224921123,1.0036866735257564e-07,1.0036866735257564e-07
0441340,0.0016927947060296617,0.0016926945209499865,1.0018507967516667e-07,1.0018507967516667e-07
2321321,0.000592256986255963,0.0005923569039012636,-9.99176453006078e-08,9.99176453006078e-08
3232324,0.00038413261384168736,0.0003842324311860877,-9.981734440031847e-08,9.981734440031847e-08
2232413,0.0007644689194056342,0.0007645684188581422,-9.949945250792985e-08,9.949945250792985e-08
2321420,0.0005889340660107141,0.0005890334230575346,-9.935704682053573e-08,9.935704682053573e-08
0044130,0.0002341323929649947,0.0002340330713482963,9.932161669840207e-08,9.932161669840207e-08
2321312,0.0005864683684429084,0.0005865673095103471,-9.894106743873598e-08,9.894106743873598e-08
2322131,0.0005864683684429078,0.0005865673095103465,-9.894106743862756e-08,9.894106743862756e-08
2321232,0.0005857757266786624,0.0005858745508928845,-9.882421422207147e-08,9.882421422207147e-08
2322123,0.000585775726678662,0.0005858745508928838,-9.882421422185463e-08,9.882421422185463e-08
2323212,0.0005857757266786625,0.0005858745508928843,-9.88242142217462e-08,9.88242142217462e-08
3221204,0.0003802525625186769,0.00038035137162684525,-9.880910816834803e-08,9.880910816834803e-08
3422103,0.0002800117685319807,0.00027991355793681775,9.821059516296974e-08,9.821059516296974e-08
4132422,0.00019033258298783106,0.0001902348914085168,9.769157931425175e-08,9.769157931425175e-08
2213122,0.0007482480287318698,0.000748345416954346,-9.738822247620273e-08,9.738822247620273e-08
0232141,1.0810555344905017e-07,1.0810124558090943e-08,9.729542889095923e-08,9.729542889095923e-08
2212322,0.0007473643189486974,0.0007474615921519264,-9.727320322903792e-08,9.727320322903792e-08
3214131,0.0003733774450300321,0.0003734744676302461,-9.702260021397313e-08,9.702260021397313e-08
0124134,3.563722711297508e-05,3.554025334297748e-05,9.697376999759995e-08,9.697376999759995e-08
2232323,0.0007447335766632829,0.0007448305074622489,-9.693079896600041e-08,9.693079896600041e-08
0413232,0.0016348896782866604,0.0016347929202142882,9.675807237223034e-08,9.675807237223034e-08
2323241,0.0005722210712171541,0.0005723176086719315,-9.65374547773996e-08,9.65374547773996e-08
1420422,0.0004140242391564342,0.00041412065224581213,-9.641308937791051e-08,9.641308937791051e-08
0042141,0.0002265217498960472,0.000226425656800461,9.609309558619239e-08,9.609309558619239e-08
2142040,0.00028531003778377675,0.0002854059688716772,-9.593108790044262e-08,9.593108790044262e-08
2042214,0.0007358091332591525,0.0007359049024971832,-9.576923803067319e-08,9.576923803067319e-08
0242321,1.0613953176486332e-07,1.0613530224017412e-08,9.55260015408459e-08,9.55260015408459e-08
0241320,1.059076629849974e-07,1.059034426999827e-08,9.531731871499913e-08,9.531731871499913e-08
3232441,0.0003663744654736443,0.00036646966834078383,-9.520286713951467e-08,9.520286713951467e-08
2413424,0.00023672030206625807,0.00023662653695583871,9.376511041935725e-08,9.376511041935725e-08
2232041,0.0007201523417211996,0.0007202460731495222,-9.373142832258628e-08,9.373142832258628e-08
3421424,0.0002668679639106374,0.0002667743633391221,9.360057151531695e-08,9.360057151531695e-08
2041323,0.0007145256120092517,0.0007146186110905658,-9.299908131413757e-08,9.299908131413757e-08
0413421,0.0015671190784804175,0.001567026331291891,9.274718852647634e-08,9.274718852647634e-08
2232134,0.0007112396514654863,0.0007113322228626044,-9.257139711813661e-08,9.257139711813661e-08
4004212,0.0002908759424456671,0.00029078365204099305,9.229040467403438e-08,9.229040467403438e-08
2132324,0.00027395251786849683,0.00027404463016596903,-9.211229747219584e-08,9.211229747219584e-08
3232320,0.000354305154717223,0.000354397221358734,-9.206664151103355e-08,9.206664151103355e-08
1413424,0.0003952767189047252,0.00039536876629235205,-9.204738762684777e-08,9.204738762684777e-08
3212232,0.0003537387386414406,0.00035383065809901936,-9.191945757878236e-08,9.191945757878236e-08
3223212,0.00035373873864144074,0.0003538306580990193,-9.191945757856552e-08,9.191945757856552e-08
3221223,0.00035373873864144036,0.00035383065809901893,-9.191945757856552e-08,9.191945757856552e-08
3242214,0.0003530659976594804,0.0003531577423044663,-9.174464498594133e-08,9.174464498594133e-08
0232132,1.017394048653543e-07,1.0173535068009837e-08,9.156586979734446e-08,9.156586979734446e-08
3012214,0.00026084793838312915,0.0002607564492596187,9.14891235104351e-08,9.14891235104351e-08
0042132,0.00021318227684153225,0.00021309184250171626,9.043433981599275e-08,9.043433981599275e-08
2423232,0.00022828008862716139,0.00022818966669237284,9.042193478854803e-08,9.042193478854803e-08
4004241,0.0002841451698951423,0.0002840550150597321,9.015483541018011e-08,9.015483541018011e-08
1032142,0.00019856616902593822,0.00019865626754493994,-9.009851900172077e-08,9.009851900172077e-08
3223241,0.00034555334189777595,0.00034564313436968234,-8.979247190639373e-08,8.979247190639373e-08
3241323,0.00034285344752366066,0.0003429425384246076,-8.909090094691777e-08,8.909090094691777e-08
4214212,0.00046682958768927136,0.0004669179954634212,-8.840777414981758e-08,8.840777414981758e-08
4212142,0.0004668295876892717,0.00046691799546342124,-8.840777414954653e-08,8.840777414954653e-08
4221034,0.00046391998082404007,0.0004640078375794161,-8.785675537602289e-08,8.785675537602289e-08
2132441,0.0002612879086090687,0.0002613757626275348,-8.78540184660946e-08,8.78540184660946e-08
3232044,0.00033792590630582925,0.0003380137167789734,-8.781047314412394e-08,8.781047314412394e-08
2103214,0.00026097813104188,0.0002610658809024299,-8.774986054986165e-08,8.774986054986165e-08
1301221,0.0004892414152859468,0.0004891544355072857,8.697977866103414e-08,8.697977866103414e-08
2103423,0.0002582838906914617,0.0002583707346553601,-8.68439638983861e-08,8.68439638983861e-08
3421321,0.00024753479107609514,0.00024744797137104304,8.6819705052098e-08,8.6819705052098e-08
2413420,0.00021833924073642733,0.00021825275637983534,8.648435659199677e-08,8.648435659199677e-08
4214241,0.00045602730631745005,0.0004561136683651134,-8.636204766333247e-08,8.636204766333247e-08
2422134,0.0002180133349152074,0.00021792697965018483,8.635526502258567e-08,8.635526502258567e-08
1301423,0.00048568037844858535,0.0004855940317688122,8.634667977315807e-08,8.634667977315807e-08
3421420,0.0002461459710406068,0.0002460596384466608,8.63325939459811e-08,8.63325939459811e-08
3213122,0.0003311559716629211,0.0003312420229600059,-8.605129708479705e-08,8.605129708479705e-08
3121342,0.00024511542864690385,0.0002450294575027008,8.597114420306941e-08,8.597114420306941e-08
3422131,0.0002451154286469037,0.00024502945750270083,8.597114420285257e-08,8.597114420285257e-08
3421312,0.00024511542864690363,0.00024502945750270083,8.597114420279836e-08,8.597114420279836e-08
3232122,0.00033076486368711986,0.0003308508133543037,-8.594966718385036e-08,8.594966718385036e-08
3212322,0.00033076486368712,0.00033085081335430377,-8.594966718374194e-08,8.594966718374194e-08
2320422,0.000509120324596655,0.0005092062165408428,-8.589194418781674e-08,8.589194418781674e-08
3423212,0.00024482593787113926,0.00024474006826217376,8.586960896549492e-08,8.586960896549492e-08
3422123,0.0002448259378711392,0.00024474006826217376,8.586960896544071e-08,8.586960896544071e-08
3421232,0.00024482593787113915,0.00024474006826217376,8.58696089653865e-08,8.58696089653865e-08
2420413,0.0002161340644105903,0.0002160484535261927,8.56108843976021e-08,8.56108843976021e-08
1422324,0.0003666187653723576,0.0003667041392332347,-8.537386087708113e-08,8.537386087708113e-08
0342213,0.00010658423460742571,0.00010666957775932297,-8.534315189726136e-08,8.534315189726136e-08
4213214,0.0004494742355478894,0.0004495593565808108,-8.512103292140699e-08,8.512103292140699e-08
2122121,0.00025281928290812243,0.00025290428948216353,-8.500657404109926e-08,8.500657404109926e-08
2121221,0.00025281928290812243,0.0002529042894821635,-8.500657404104505e-08,8.500657404104505e-08
2132320,0.0002526804174679452,0.00025276537735062976,-8.495988268453474e-08,8.495988268453474e-08
1413420,0.0003645839327388458,0.0003646688327518608,-8.490001301498292e-08,8.490001301498292e-08
2421422,0.00021426204006512117,0.00021417717069113876,8.48693739824121e-08,8.48693739824121e-08
1342324,0.00047665028285606026,0.000476565541591715,8.474126434522859e-08,8.474126434522859e-08
3204214,0.0003256508258309133,0.0003257354466089076,-8.462077799429755e-08,8.462077799429755e-08
0400413,0.0014271893992862566,0.001427104933589873,8.446569638360414e-08,8.446569638360414e-08
4213423,0.0004448340321061224,0.00044491827438142295,-8.424227530053757e-08,8.424227530053757e-08
2413123,0.00021260594402606724,0.00021252173063311658,8.421339295065669e-08,8.421339295065669e-08
3121423,0.00023968250674863805,0.00023959844113324882,8.406561538922865e-08,8.406561538922865e-08
0123213,3.0890636265314846e-05,3.080657861832745e-05,8.40576469873978e-08,8.40576469873978e-08
3423241,0.00023916074710828532,0.0002390768644935073,8.388261477800907e-08,8.388261477800907e-08
0240044,9.31342394621315e-08,9.313052818171906e-09,8.38211866439596e-08,8.38211866439596e-08
2134242,0.0002491972311427054,0.000249281019857855,-8.378871514962052e-08,8.378871514962052e-08
2210342,0.0006435258897482753,0.0006436096478607102,-8.375811243492223e-08,8.375811243492223e-08
2130122,0.00024873486777577807,0.0002488185010283961,-8.363325261804633e-08,8.363325261804633e-08
0124413,3.070344660700757e-05,3.061989832868717e-05,8.354827832040136e-08,8.354827832040136e-08
4241321,0.000440805407752073,0.0004408888870900579,-8.347933798489183e-08,8.347933798489183e-08
2213213,0.000641297409983454,0.0006413808780481045,-8.346806465052078e-08,8.346806465052078e-08
0121340,3.056991783840236e-05,3.0486732910127498e-05,8.31849282748612e-08,8.31849282748612e-08
2040041,0.0006370583529696609,0.0006371412692998436,-8.291633018272897e-08,8.291633018272897e-08
0142121,3.0454567214235213e-05,3.0371696170788183e-05,8.287104344702987e-08,8.287104344702987e-08
1413123,0.0003550104458330034,0.0003550931164851229,-8.267065211949509e-08,8.267065211949509e-08
4241312,0.0004364970515914557,0.00043657971501676426,-8.266342530854854e-08,8.266342530854854e-08
2213014,0.0006348569188630382,0.0006349395486655637,-8.262980252544266e-08,8.262980252544266e-08
0123204,3.0325478163671254e-05,3.0242958389189698e-05,8.251977448155644e-08,8.251977448155644e-08
1322121,0.00046398082087307965,0.000463898332048868,8.248882421162161e-08,8.248882421162161e-08
1321221,0.0004639808208730794,0.0004638983320488681,8.248882421129635e-08,8.248882421129635e-08
0323221,0.00010289232489189642,0.00010297471189166848,-8.238699977206228e-08,8.238699977206228e-08
4134210,0.00016048302427156748,0.00016040065350851618,8.237076305129989e-08,8.237076305129989e-08
1034214,0.00018125350376140188,0.0001813357467352826,-8.224297388072428e-08,8.224297388072428e-08
1424221,0.00035251803378334614,0.00035260012403189685,-8.209024855070166e-08,8.209024855070166e-08
2213204,0.0006295645850684115,0.0006296465260472308,-8.19409788193606e-08,8.19409788193606e-08
2142423,0.00024367383711754718,0.00024375576867687496,-8.193155932777955e-08,8.193155932777955e-08
3122321,0.00023350650312845735,0.0002334246036684208,8.189946003653694e-08,8.189946003653694e-08
4232042,0.0004322850676880688,0.0004323669334515942,-8.18657635253523e-08,8.18657635253523e-08
4204232,0.0004322850676880686,0.0004323669334515939,-8.186576352529808e-08,8.186576352529808e-08
1312212,0.0004594459522147958,0.0004593642696221502,8.168259264557543e-08,8.168259264557543e-08
1421323,0.00034905338515130527,0.0003491346685932818,-8.128344197651542e-08,8.128344197651542e-08
2132044,0.00024099920066570778,0.0002410802329198919,-8.1032254184134e-08,8.1032254184134e-08
2232141,0.0006223140049516949,0.000622395002231256,-8.09972795610828e-08,8.09972795610828e-08
1342441,0.00045461511547473493,0.00045453429173233554,8.082374239939136e-08,8.082374239939136e-08
0124132,2.9345310385101157e-05,2.926545778122792e-05,7.985260387323844e-08,7.985260387323844e-08
3240041,0.0003056820482266566,0.0003057614800925937,-7.943186593710591e-08,7.943186593710591e-08
2132122,0.00023589214756667684,0.00023597146265323663,-7.93150865597864e-08,7.93150865597864e-08
2121322,0.000235892147566677,0.00023597146265323663,-7.931508655962378e-08,7.931508655962378e-08
2214242,0.0006071242864572105,0.0006072033067189548,-7.902026174426511e-08,7.902026174426511e-08
1422320,0.0003381512365961824,0.00033822998127418415,-7.874467800175278e-08,7.874467800175278e-08
0120441,2.8923555178854645e-05,2.8844850228591965e-05,7.870495026267947e-08,7.870495026267947e-08
3221324,0.00030208628606403685,0.0003021647835666388,-7.849750260197595e-08,7.849750260197595e-08
1342320,0.0004396389323061355,0.0004395607711042672,7.816120186829572e-08,7.816120186829572e-08
1312413,0.00043943905255855947,0.00043936092689230945,7.812566625001096e-08,7.812566625001096e-08
2441301,0.00019716429424188002,0.0001970861972993746,7.80969425054096e-08,7.80969425054096e-08
0342232,9.733841002728907e-05,9.74163499472312e-05,-7.793991994213632e-08,7.793991994213632e-08
1421214,0.00033437467405001304,0.0003344525392866008,-7.786523658774623e-08,7.786523658774623e-08
4221301,0.000407262013984975,0.0004073391409047363,-7.712691976128738e-08,7.712691976128738e-08
0122122,2.831063143594126e-05,2.82335943350284e-05,7.703710091285987e-08,7.703710091285987e-08
1321322,0.0004329156819310954,0.00043283871602220713,7.696590888825027e-08,7.696590888825027e-08
0122323,2.821097726011697e-05,2.8134211331848812e-05,7.676592826815699e-08,7.676592826815699e-08
0123223,2.8210977260116973e-05,2.813421133184882e-05,7.67659282681536e-08,7.67659282681536e-08
4132421,0.00014947377476236295,0.00014939705469219232,7.672007017062187e-08,7.672007017062187e-08
2213121,0.0005876211816039952,0.0005876976634391198,-7.648183512464629e-08,7.648183512464629e-08
2212321,0.0005869271783229399,0.0005870035698300677,-7.639150712782788e-08,7.639150712782788e-08
4204131,0.00040260355362968357,0.00040267979833434625,-7.624470466267852e-08,7.624470466267852e-08
2232132,0.0005856670123149616,0.0005857432398051816,-7.622749022002506e-08,7.622749022002506e-08
2213223,0.0005856670123149611,0.0005857432398051809,-7.622749021980822e-08,7.622749021980822e-08
1312323,0.00042809460140237566,0.0004280184926092273,7.610879314837648e-08,7.610879314837648e-08
2322324,0.000450826418303192,0.00045090247568233867,-7.605737914668544e-08,7.605737914668544e-08
4131242,0.00014801284382317121,0.00014793687360175746,7.597022141375026e-08,7.597022141375026e-08
4413244,8.118450801233786e-05,8.110854751264762e-05,7.596049969024266e-08,7.596049969024266e-08
0422142,0.001281281474267794,0.0012812056438755274,7.583039226665561e-08,7.583039226665561e-08
1420421,0.0003251454107244697,0.00032522112675889537,-7.5716034425642e-08,7.5716034425642e-08
2422141,0.00019075532600637294,0.00019067976766156742,7.555834480551843e-08,7.555834480551843e-08
1424004,0.00032431686089872417,0.0003243923839902226,-7.552309149843608e-08,7.552309149843608e-08
3124134,0.0002137770515818782,0.00021370207197806345,7.497960381475923e-08,7.497960381475923e-08
3420422,0.00021278768525519922,0.00021271305265914157,7.463259605764924e-08,7.463259605764924e-08
1342044,0.0004193147705272606,0.0004192402226562299,7.454787103068758e-08,7.454787103068758e-08
0242212,8.25559111449432e-08,8.255262139739463e-09,7.430064900520374e-08,7.430064900520374e-08
3400412,0.00021102834453463242,0.00021095432900513646,7.401552949595595e-08,7.401552949595595e-08
3210342,0.0002848085569580588,0.0002848825648209518,-7.400786289303487e-08,7.400786289303487e-08
2421413,0.00018677055872424523,0.00018669657874910612,7.397997513910689e-08,7.397997513910689e-08
3213213,0.0002838222872272835,0.0002838960388067426,-7.375157945910694e-08,7.375157945910694e-08
3014213,0.00021023007202258071,0.0002101563364770972,7.373554548352739e-08,7.373554548352739e-08
1312041,0.00041396458994021306,0.00041389099325096903,7.35966892440325e-08,7.35966892440325e-08
2324221,0.00043348692857120253,0.000433560060664494,-7.313209329144841e-08,7.313209329144841e-08
3213014,0.0002809718860059366,0.0002810448969050415,-7.30108991048718e-08,7.30108991048718e-08
1342122,0.0004104290033032393,0.000410356035188219,7.296811502032841e-08,7.296811502032841e-08
2042142,0.0005599817784137891,0.0005600546628423804,-7.288442859128535e-08,7.288442859128535e-08
0342322,9.101668097717767e-05,9.108955902014931e-05,-7.287804297164541e-08,7.287804297164541e-08
1312134,0.00040884131538673177,0.00040876862953878704,7.268584794472991e-08,7.268584794472991e-08
2321323,0.00042922649435181523,0.00042929890768185854,-7.241333004330986e-08,7.241333004330986e-08
3213204,0.00027862963066702925,0.0002787020329281293,-7.240226110002187e-08,7.240226110002187e-08
3221320,0.0002786296306670291,0.000278702032928129,-7.240226109991345e-08,7.240226109991345e-08
3014204,0.0002063838181807301,0.00020631143166025695,7.238652047314811e-08,7.238652047314811e-08
4221032,0.00038201276962356593,0.0003820851148637768,-7.234524021087216e-08,7.234524021087216e-08
1221422,0.0013387208458348029,0.0013386489227069976,7.192312780524186e-08,7.192312780524186e-08
0141324,2.6363521336438102e-05,2.629178258846247e-05,7.17387479756309e-08,7.17387479756309e-08
4122142,0.0001392839212493004,0.00013921243130245932,7.148994684107982e-08,7.148994684107982e-08
2142130,0.00021174290257034212,0.00021181409784673863,-7.119527639651356e-08,7.119527639651356e-08
2422132,0.00017952207563445524,0.0001794509667895544,7.110884490084532e-08,7.110884490084532e-08
0242413,7.896095547639499e-08,7.895780898323516e-09,7.106517457807147e-08,7.106517457807147e-08
4132400,0.000137515987188916,0.00013744540466563722,7.058252327879076e-08,7.058252327879076e-08
2122103,0.00020955854857133464,0.00020962900939247982,-7.046082114517687e-08,7.046082114517687e-08
2322320,0.00041582026136774083,0.00041589041297818743,-7.015161044660002e-08,7.015161044660002e-08
3242142,0.00026869811249972725,0.00026876793404330017,-6.982154357291917e-08,6.982154357291917e-08
3214242,0.0002686981124997274,0.00026876793404329995,-6.98215435725397e-08,6.98215435725397e-08
2413012,0.00017609020296428723,0.00017602045348703263,6.974947725459286e-08,6.974947725459286e-08
1420400,0.00029913402673349454,0.0002992036855431194,-6.96588096248574e-08,6.96588096248574e-08
1032213,0.00015351575424771738,0.00015358541134071052,-6.965709299313781e-08,6.965709299313781e-08
3012142,0.00019851628068866245,0.00019844665360770736,6.962708095508991e-08,6.962708095508991e-08
2321214,0.00041117627058767767,0.0004112456387263641,-6.936813868642106e-08,6.936813868642106e-08
0242323,7.69225187525033e-08,7.691945348844186e-09,6.923057340365912e-08,6.923057340365912e-08
0142103,2.524338661739891e-05,2.5174695909223507e-05,6.86907081754049e-08,6.86907081754049e-08
0142210,2.524338661739891e-05,2.5174695909223507e-05,6.86907081754049e-08,6.86907081754049e-08
1413012,0.00029403628269918434,0.00029410475440620797,-6.847170702363415e-08,6.847170702363415e-08
1322103,0.00038458754517721634,0.0003845191712854928,6.837389172355789e-08,6.837389172355789e-08
4212213,0.00036091594359111557,0.0003609842935330845,-6.834994196894349e-08,6.834994196894349e-08
4221213,0.000360915943591116,0.00036098429353308484,-6.834994196883507e-08,6.834994196883507e-08
0441322,0.0011487214386881994,0.00114865345362867,6.798505952946773e-08,6.798505952946773e-08
0413214,0.0011475856887271797,0.0011475177708850169,6.791784216281238e-08,6.791784216281238e-08
4232324,0.0003579281892255066,0.00035799597334919823,-6.778412369162073e-08,6.778412369162073e-08
3213121,0.0002600665232537707,0.00026013410186798657,-6.757861421586436e-08,6.757861421586436e-08
3212321,0.0002597593746585854,0.00025982687345985154,-6.749880126615806e-08,6.749880126615806e-08
3232121,0.0002597593746585855,0.00025982687345985143,-6.749880126594122e-08,6.749880126594122e-08
2320421,0.0003998271632270498,0.00039989461669674963,-6.745346969985787e-08,6.745346969985787e-08
3213223,0.00025920165651860443,0.00025926901039610776,-6.735387750333478e-08,6.735387750333478e-08
3014223,0.0001919933189553982,0.0001919259797209767,6.733923442150307e-08,6.733923442150307e-08
2324004,0.00039880830607731465,0.00039887558765911796,-6.728158180330929e-08,6.728158180330929e-08
0413423,0.0011357384444550726,0.0011356712277712415,6.721668383111341e-08,6.721668383111341e-08
2142124,0.00019972183123050888,0.0001997889846075729,-6.715337706400407e-08,6.715337706400407e-08
2121424,0.00019972183123050878,0.00019978898460757237,-6.71533770635975e-08,6.71533770635975e-08
4221204,0.0003543128238696261,0.00035437992331862657,-6.709944900049189e-08,6.709944900049189e-08
0242041,7.438355641074363e-08,7.438059232108651e-09,6.694549717863498e-08,6.694549717863498e-08
2421421,0.0001682662811278399,0.00016819963071259463,6.665041524527189e-08,6.665041524527189e-08
0141320,2.4316423988532013e-05,2.4250255672474376e-05,6.616831605763736e-08,6.616831605763736e-08
2413212,0.00016699828421378536,0.00016693213605318232,6.614816060304457e-08,6.614816060304457e-08
0242134,7.346297675002506e-08,7.346004934429092e-09,6.611697181559596e-08,6.611697181559596e-08
3422324,0.00018842365030040438,0.00018835756308222866,6.608721817572471e-08,6.608721817572471e-08
4214131,0.0003479067071673417,0.00034797259343163076,-6.588626428905573e-08,6.588626428905573e-08
2130121,0.0001953388065134382,0.00019540448616622397,-6.567965278575895e-08,6.567965278575895e-08
1321424,0.00036653493410264296,0.00036646976969414486,6.516440849809379e-08,6.516440849809379e-08
4132040,0.00012683802770555846,0.0001267729258346694,6.510187088905068e-08,6.510187088905068e-08
3123213,0.0001853036747598951,0.0001852386818337784,6.49929261166849e-08,6.49929261166849e-08
1413212,0.00027885455227354134,0.0002789194886379595,-6.493636441816343e-08,6.493636441816343e-08
4232441,0.0003413814507806655,0.0003414461012976748,-6.465051700932367e-08,6.465051700932367e-08
2413241,0.00016313399946778616,0.00016306938195361572,6.461751417044504e-08,6.461751417044504e-08
3124413,0.0001841807800657403,0.00018411618098077093,6.45990849693545e-08,6.45990849693545e-08
3121340,0.0001833797809766898,0.0001833154628320454,6.43181446443957e-08,6.43181446443957e-08
1031221,0.00014066657295278896,0.0001407303997867267,-6.382683393773192e-08,6.382683393773192e-08
3123204,0.00018191346058122262,0.00018184965672995803,6.380385126459427e-08,6.380385126459427e-08
1032232,0.00014019877787415088,0.0001402623924481453,-6.361457399441323e-08,6.361457399441323e-08
1312141,0.00035772425770103805,0.00035766065969852995,6.359800250809681e-08,6.359800250809681e-08
3424221,0.0001811765817680306,0.00018111303636771282,6.35454003177795e-08,6.35454003177795e-08
2423214,0.00016023770056732153,0.0001601742302795777,6.347028774382263e-08,6.347028774382263e-08
1413241,0.0002724019506927753,0.0002724653844513213,-6.34337585460245e-08,6.34337585460245e-08
1301232,0.00035456800417403827,0.0003545049673060226,6.303686801565527e-08,6.303686801565527e-08
3421323,0.0001793959262099486,0.00017933300535210323,6.292085784538083e-08,6.292085784538083e-08
1221413,0.0011669525795440336,0.0011668898847112894,6.269483274418466e-08,6.269483274418466e-08
2210340,0.00048144515980209695,0.0004815078222970615,-6.266249496454093e-08,6.266249496454093e-08
4232320,0.00033013547377016823,0.000330197994534005,-6.252076383678456e-08,6.252076383678456e-08
4212232,0.00032960769697369826,0.00032967011778763214,-6.242081393388393e-08,6.242081393388393e-08
4223212,0.00032960769697369863,0.00032967011778763246,-6.242081393382972e-08,6.242081393382972e-08
4221223,0.0003296076969736983,0.00032967011778763214,-6.242081393382972e-08,6.242081393382972e-08
4242214,0.00032898084845104205,0.00032904315055295725,-6.230210191520737e-08,6.230210191520737e-08
2121321,0.0001852530406517203,0.00018531532912171103,-6.228846999073358e-08,6.228846999073358e-08
2132121,0.0001852530406517203,0.00018531532912171097,-6.228846999067937e-08,6.228846999067937e-08
2320400,0.00036784129619743896,0.0003679033534411917,-6.205724375276138e-08,6.205724375276138e-08
2142120,0.00018421365894148137,0.00018427559793544635,-6.193899396497856e-08,6.193899396497856e-08
2121420,0.00018421365894148164,0.00018427559793544632,-6.193899396468041e-08,6.193899396468041e-08
0232042,6.868332257737617e-08,6.86805856347521e-09,6.181526401390095e-08,6.181526401390095e-08
3124132,0.0001760337276521142,0.0001759719860429952,6.1741609119016e-08,6.1741609119016e-08
2213424,0.0004741697834888606,0.000474231499057218,-6.171556835742791e-08,6.171556835742791e-08
2122131,0.00018344240932794596,0.00018350408900115554,-6.167967320957124e-08,6.167967320957124e-08
2121312,0.00018344240932794618,0.0001835040890011557,-6.167967320951703e-08,6.167967320951703e-08
2131212,0.00018344240932794618,0.0001835040890011557,-6.167967320951703e-08,6.167967320951703e-08
2123212,0.000183225756766834,0.0001832873635939705,-6.160682713648481e-08,6.160682713648481e-08
2122123,0.0001832257567668338,0.00018328736359397028,-6.160682713648481e-08,6.160682713648481e-08
2121232,0.00018322575676683406,0.00018328736359397044,-6.160682713637639e-08,6.160682713637639e-08
0042042,0.00014391736522799907,0.00014385631384931374,6.105137868533494e-08,6.105137868533494e-08
2134244,0.00018151360719921935,0.00018157463834254155,-6.10311433221994e-08,6.10311433221994e-08
4223241,0.00032198068450721814,0.00032204166092428125,-6.097641706311182e-08,6.097641706311182e-08
3422320,0.00017379276886805105,0.0001737318132469535,6.095562109754917e-08,6.095562109754917e-08
3120441,0.0001735037444916719,0.00017344289024222808,6.085424944382925e-08,6.085424944382925e-08
4241323,0.00031946496917973624,0.00031952546917285684,-6.04999931206056e-08,6.04999931206056e-08
0121221,2.2233171431854717e-05,2.217267193098402e-05,6.049950087069818e-08,6.049950087069818e-08
0122121,2.2233171431854717e-05,2.217267193098402e-05,6.049950087069818e-08,6.049950087069818e-08
1321321,0.0003399814162990716,0.00033992097270739164,6.04435916799588e-08,6.04435916799588e-08
3421214,0.00017185180520839146,0.00017179153035581015,6.027485258131016e-08,6.027485258131016e-08
2131241,0.00017919761299681856,0.0001792578654229073,-6.025242608873526e-08,6.025242608873526e-08
2103122,0.00017916229917523213,0.0001792225397275942,-6.024055236206975e-08,6.024055236206975e-08
2123241,0.00017898597370390244,0.00017904615496955195,-6.018126564951332e-08,6.018126564951332e-08
0142131,2.209744098850814e-05,2.2037310828741153e-05,6.013015976698695e-08,6.013015976698695e-08
1321420,0.00033807391472889955,0.0003380138102623616,6.010446653792814e-08,6.010446653792814e-08
0142123,2.2071343058363607e-05,2.201128391463464e-05,6.005914372896607e-08,6.005914372896607e-08
2422322,0.00015128093727803343,0.00015122101477174917,5.992250628426019e-08,5.992250628426019e-08
1312132,0.0003366584964717557,0.00033659864364533404,5.985282642163164e-08,5.985282642163164e-08
1322131,0.0003366584964717553,0.0003365986436453337,5.985282642157743e-08,5.985282642157743e-08
1321312,0.00033665849647175557,0.00033659864364533415,5.98528264214148e-08,5.98528264214148e-08
0244130,6.643756891962479e-08,6.6434921467413774e-09,5.979407677288342e-08,5.979407677288342e-08
1323212,0.00033626088980191304,0.00033620110766398824,5.978213792480046e-08,5.978213792480046e-08
1322123,0.0003362608898019127,0.0003362011076639879,5.978213792480046e-08,5.978213792480046e-08
1321232,0.00033626088980191304,0.00033620110766398835,5.978213792469204e-08,5.978213792469204e-08
0323232,7.456917002912278e-05,7.462887837180676e-05,-5.970834268398124e-08,5.970834268398124e-08
4232044,0.0003148735706838006,0.00031493320116193833,-5.963047813774963e-08,5.963047813774963e-08
3122122,0.00016982699853752758,0.00016976743386034086,5.9564677186717306e-08,5.9564677186717306e-08
1423242,0.0002554804474205507,0.0002555399406986779,-5.949327812722815e-08,5.949327812722815e-08
1424232,0.0002554804474205508,0.0002555399406986777,-5.949327812690289e-08,5.949327812690289e-08
1032322,0.00013109344436162843,0.0001311529274309032,-5.9483069274774434e-08,5.9483069274774434e-08
2212212,0.000456515185025729,0.0004565746027598171,-5.941773408810495e-08,5.941773408810495e-08
3122323,0.0001692292029846356,0.00016916984797669723,5.9355007938364027e-08,5.9355007938364027e-08
3123223,0.0001692292029846356,0.00016916984797669726,5.935500793833692e-08,5.935500793833692e-08
2041301,0.00045444734907030334,0.0004545064976652012,-5.9148594897841245e-08,5.9148594897841245e-08
1421034,0.00025288717280366605,0.0002529460621905379,-5.888938687186691e-08,5.888938687186691e-08
3420421,0.00016710842693746117,0.0001670498157649655,5.861117249566085e-08,5.861117249566085e-08
3424004,0.00016668259389952548,0.00016662413208259525,5.8461816930229296e-08,5.8461816930229296e-08
4213122,0.000308565461555348,0.0003086238974093617,-5.8435854013733773e-08,5.8435854013733773e-08
1323241,0.00032847992466652164,0.0003284215258673822,5.839879913942811e-08,5.839879913942811e-08
4212322,0.00030820103384333945,0.0003082594006823557,-5.836683901624083e-08,5.836683901624083e-08
4232122,0.00030820103384333945,0.00030825940068235564,-5.836683901618662e-08,5.836683901618662e-08
0242141,6.427796760597204e-08,6.427540621111338e-09,5.785042698486071e-08,5.785042698486071e-08
2214244,0.0004422252957938867,0.0004422828536274355,-5.7557833548806114e-08,5.7557833548806114e-08
4204214,0.0003034358609745314,0.00030349332538932725,-5.746441479582108e-08,5.746441479582108e-08
1342121,0.0003223219662794778,0.0003222646622728902,5.7304006587620415e-08,5.7304006587620415e-08
0312214,7.151778458625321e-05,7.157504965153965e-05,-5.726506528644121e-08,5.726506528644121e-08
0342321,7.147807620973824e-05,7.153530948009726e-05,-5.7233270359018985e-08,5.7233270359018985e-08
0322134,7.121546840846051e-05,7.127249140590661e-05,-5.7022997446099996e-08,5.7022997446099996e-08
2213420,0.0004373510408842581,0.0004374079643091578,-5.692342489971129e-08,5.692342489971129e-08
2212413,0.0004366359077041433,0.0004366927380508837,-5.683034674043618e-08,5.683034674043618e-08
3241301,0.00021805913983769778,0.00021811580278032844,-5.6662942630656115e-08,5.6662942630656115e-08
0142422,2.0797998143978956e-05,2.0741403945950227e-05,5.65941980287296e-08,5.65941980287296e-08
0320413,7.060159252190271e-05,7.065812398227281e-05,-5.653146037009791e-08,5.653146037009791e-08
1214221,0.0010513368496280287,0.0010512803662806325,5.648334739619294e-08,5.648334739619294e-08
1221421,0.0010513368496280272,0.0010512803662806314,5.648334739575926e-08,5.648334739575926e-08
0121322,2.0744582833834953e-05,2.0688133986172135e-05,5.644884766281753e-08,5.644884766281753e-08
2042213,0.00043293389553656313,0.00043299024404790787,-5.634851134474336e-08,5.634851134474336e-08
0321422,6.999008364018005e-05,7.004612545876051e-05,-5.6041818580459656e-08,5.6041818580459656e-08
3232103,0.00021531109852500043,0.00021536704738562862,-5.594886062819729e-08,5.594886062819729e-08
3232210,0.00021531109852500024,0.00021536704738562835,-5.5948860628115974e-08,5.5948860628115974e-08
4132423,0.00010832815117026559,0.00010827254982232047,5.5601347945125144e-08,5.5601347945125144e-08
2213123,0.00042586678695208835,0.0004259222156439133,-5.542869182492997e-08,5.542869182492997e-08
1424131,0.00023793867450595295,0.00023799408286257064,-5.5408356617697675e-08,5.5408356617697675e-08
3210340,0.00021307565616561855,0.000213131024143729,-5.536797811046498e-08,5.536797811046498e-08
2212323,0.00042536382185026807,0.0004254191850786701,-5.536322840205303e-08,5.536322840205303e-08
4131244,0.00010781157186603417,0.00010775623566159349,5.533620444068304e-08,5.533620444068304e-08
1420423,0.00023564268221148418,0.00023569755590445356,-5.4873692969381735e-08,5.4873692969381735e-08
3213424,0.00020985575551809338,0.00020991028680095766,-5.453128286428345e-08,5.453128286428345e-08
0242132,6.049274955396455e-08,6.049033899520754e-09,5.44437156544438e-08,5.44437156544438e-08
3242213,0.0002077362604500134,0.00020779024097941016,-5.398052939676614e-08,5.398052939676614e-08
2441324,0.00013626994972090398,0.00013621597307939557,5.397664150840961e-08,5.397664150840961e-08
4240041,0.0002848292960763892,0.00028488323679639173,-5.3940720002513924e-08,5.3940720002513924e-08
3420400,0.00015373988068760638,0.0001536859583640492,5.3922323557176795e-08,5.3922323557176795e-08
3012213,0.000153477184506645,0.00015342335432045907,5.383018618593076e-08,5.383018618593076e-08
1232214,0.0010011738428930804,0.0010011200545663498,5.378832673057568e-08,5.378832673057568e-08
2120422,0.0001592485869780171,0.00015930213185261772,-5.354487460061956e-08,5.354487460061956e-08
2212041,0.00041132394454594244,0.0004113774804141084,-5.3535868165942736e-08,5.3535868165942736e-08
0441321,0.0009021247276518886,0.0009020713369853213,5.339066656731388e-08,5.339066656731388e-08
4221324,0.0002814788264901683,0.00028153213270120644,-5.3306211038155193e-08,5.3306211038155193e-08
2400422,0.00013382555211541785,0.00013377254370185344,5.3008413564408635e-08,5.3008413564408635e-08
2323242,0.0003141610466668929,0.0003142140476998172,-5.300103292430998e-08,5.300103292430998e-08
2324232,0.0003141610466668929,0.0003142140476998172,-5.300103292430998e-08,5.300103292430998e-08
2212134,0.0004062333509310777,0.00040628622423302896,-5.287330195126753e-08,5.287330195126753e-08
0441312,0.0008933075158852623,0.0008932546470498779,5.2868835384448434e-08,5.2868835384448434e-08
3212212,0.00020204226923562955,0.00020209477017422465,-5.250093859510813e-08,5.250093859510813e-08
3221212,0.00020204226923562966,0.00020209477017422465,-5.250093859499971e-08,5.250093859499971e-08
1030142,0.00011565862982595564,0.00011571110941655351,-5.2479590597872064e-08,5.2479590597872064e-08
2321034,0.0003109721299565898,0.0003110245929983102,-5.2463041720423546e-08,5.2463041720423546e-08
3204130,0.00020112709646034123,0.0002011793595901359,-5.226312979467857e-08,5.226312979467857e-08
1320422,0.0002922573359872647,0.0002922053770205831,5.1958966681606676e-08,5.1958966681606676e-08
1421301,0.00022200237878103158,0.00022205407608076236,-5.169729973077716e-08,5.169729973077716e-08
1422130,0.00022200237878103164,0.00022205407608076236,-5.169729973072295e-08,5.169729973072295e-08
2103213,0.00015355378700092717,0.000153605417087105,-5.1630086177830055e-08,5.1630086177830055e-08
2132103,0.0001535537870009271,0.0001536054170871049,-5.1630086177775845e-08,5.1630086177775845e-08
2132210,0.00015355378700092695,0.0001536054170871047,-5.163008617774874e-08,5.163008617774874e-08
0340040,6.441987627615465e-05,6.447145796932423e-05,-5.15816931695879e-08,5.15816931695879e-08
2232042,0.0003953783333310493,0.00039542979379818076,-5.14604671314825e-08,5.14604671314825e-08
2042232,0.0003953783333310491,0.00039542979379818033,-5.146046713121145e-08,5.146046713121145e-08
3221241,0.00019736707833334003,0.00019741836441768005,-5.1286084340018256e-08,5.1286084340018256e-08
0232324,5.686917989462192e-08,5.686691373048471e-09,5.1182488521573446e-08,5.1182488521573446e-08
2214130,0.0003927071168909817,0.00039275822968593607,-5.111279495435611e-08,5.111279495435611e-08
2103014,0.00015201166038963883,0.0001520627719595925,-5.1111569953677955e-08,5.1111569953677955e-08
3214244,0.00019571791959244192,0.000195768777140802,-5.0857548360069013e-08,5.0857548360069013e-08
2044131,0.0003904184532923962,0.0003904692682063392,-5.081491394299479e-08,5.081491394299479e-08
2103204,0.00015074445131692672,0.0001507951368074271,-5.06854905003829e-08,5.06854905003829e-08
0042324,0.00011916229771631632,0.00011911174771804916,5.054999826715936e-08,5.054999826715936e-08
3213420,0.00019356069557213083,0.00019361099256310754,-5.02969909767074e-08,5.02969909767074e-08
4210342,0.0002653797344839365,0.00026542999186317885,-5.0257379242350363e-08,5.0257379242350363e-08
3212413,0.00019324419540903555,0.0001932944101570456,-5.021474801006581e-08,5.021474801006581e-08
0122103,1.8428780755186018e-05,1.837863352177122e-05,5.0147233414799105e-08,5.0147233414799105e-08
4213213,0.00026446074524401266,0.00026451082858588624,-5.0083341873578303e-08,5.0083341873578303e-08
0322141,6.23114631874972e-05,6.236135665145398e-05,-4.989346395678962e-08,4.989346395678962e-08
3204213,0.000191605776877495,0.00019165556588038226,-4.9789002887261563e-08,4.9789002887261563e-08
2441320,0.00012568874362506272,0.00012563895820817385,4.978541688887422e-08,4.978541688887422e-08
4213014,0.0002618047902145255,0.000261854370573986,-4.958035946048007e-08,4.958035946048007e-08
4004242,0.0001560014974452482,0.00015595200060062087,4.94968446273288e-08,4.94968446273288e-08
2421342,0.00012471185403781853,0.00012466245556771546,4.9398470103063225e-08,4.9398470103063225e-08
2324131,0.00029259015231907084,0.0002926395142003763,-4.936188130547905e-08,4.936188130547905e-08
3242232,0.000189715837165756,0.0001897651350654245,-4.929789966848751e-08,4.929789966848751e-08
3223242,0.00018971583716575598,0.00018976513506542428,-4.929789966829777e-08,4.929789966829777e-08
4221320,0.00025962231681354435,0.0002596714838581241,-4.9167044579732835e-08,4.9167044579732835e-08
4213204,0.00025962231681354435,0.0002596714838581241,-4.9167044579732835e-08,4.9167044579732835e-08
3012232,0.00014016355392864919,0.00014011439333042272,4.916059822646177e-08,4.916059822646177e-08
4134240,9.553072323590655e-05,9.54816903951839e-05,4.903284072265335e-08,4.903284072265335e-08
3213123,0.00018847805034795712,0.00018852702660715929,-4.8976259202164994e-08,4.8976259202164994e-08
3232131,0.0001884780503479572,0.00018852702660715926,-4.8976259202056574e-08,4.8976259202056574e-08
3232123,0.00018825545050056683,0.0001883043689169178,-4.8918416350969334e-08,4.8918416350969334e-08
3212323,0.00018825545050056683,0.0001883043689169178,-4.8918416350969334e-08,4.8918416350969334e-08
2320423,0.00028976679988779066,0.00028981568545098874,-4.888556319807263e-08,4.888556319807263e-08
3204204,0.00018810026290251678,0.00018814914099317441,-4.887809065763681e-08,4.887809065763681e-08
0321413,6.100981313656891e-05,6.105866435522162e-05,-4.885121865270362e-08,4.885121865270362e-08
0232441,5.4240162472649434e-08,5.423800107149643e-09,4.8816362365499794e-08,4.8816362365499794e-08
1422124,0.00020939885629907783,0.00020944761863890896,-4.8762339831124116e-08,4.8762339831124116e-08
0040040,0.00011481862153212073,0.00011476991417055815,4.8707361562577234e-08,4.8707361562577234e-08
3244131,0.00018733591971846668,0.00018738459919358347,-4.867947511679339e-08,4.867947511679339e-08
1421032,0.00020823877668171283,0.00020828726887586323,-4.849219415039652e-08,4.849219415039652e-08
1034213,0.00010664557140722165,0.00010669396136251472,-4.83899552930695e-08,4.83899552930695e-08
4132130,9.413286805922379e-05,9.408455269250236e-05,4.831536672142227e-08,4.831536672142227e-08
2421423,0.00012194764712307788,0.00012189934355765488,4.8303565422999086e-08,4.8303565422999086e-08
0042441,0.00011365351849145374,0.00011360530537981584,4.8213111637898437e-08,4.8213111637898437e-08
2042322,0.0003697001381057236,0.00036974825642734495,-4.811832162132353e-08,4.811832162132353e-08
4130124,9.362269819759016e-05,9.357464468461301e-05,4.805351297715451e-08,4.805351297715451e-08
0121424,1.756373035060609e-05,1.7515937037677412e-05,4.779331292867938e-08,4.779331292867938e-08
2130123,0.00014156792250044376,0.00014161552252504422,-4.760002460046193e-08,4.760002460046193e-08
1034204,0.0001046944426519724,0.00010474194729124163,-4.750463926922303e-08,4.750463926922303e-08
1342210,0.0002671684004844395,0.00026712090195383,4.7498530609461735e-08,4.7498530609461735e-08
1342103,0.0002671684004844395,0.00026712090195383,4.7498530609461735e-08,4.7498530609461735e-08
4214242,0.00025036829831630834,0.00025041571284305507,-4.741452674673083e-08,4.741452674673083e-08
4242142,0.00025036829831630834,0.00025041571284305507,-4.741452674673083e-08,4.741452674673083e-08
2122324,0.00014101473977496667,0.00014106215380043057,-4.741402546390482e-08,4.741402546390482e-08
2103121,0.0001407014223861921,0.0001407487310635293,-4.7308677337198294e-08,4.7308677337198294e-08
3212041,0.00018204174991972872,0.00018208905369814342,-4.7303778414703413e-08,4.7303778414703413e-08
0232320,5.245335297020531e-08,5.2451262771127435e-09,4.7208226693092565e-08,4.7208226693092565e-08
2103223,0.00014023351141368443,0.00014028066276319334,-4.715134950891578e-08,4.715134950891578e-08
2422321,0.00011880536894716386,0.00011875831004076475,4.705890639910811e-08,4.705890639910811e-08
0322132,5.864204917070426e-05,5.868900449508569e-05,-4.695532438143659e-08,4.695532438143659e-08
3121221,0.00013337013626085005,0.0001333233583681643,4.6777892685751074e-08,4.6777892685751074e-08
3122121,0.00013337013626085005,0.00013332335836816432,4.677789268572397e-08,4.677789268572397e-08
3212134,0.00017978877976793475,0.00017983549810921242,-4.6718341277675454e-08,4.6718341277675454e-08
1032321,0.00010295153708172626,0.00010299825088531883,-4.6713803592574195e-08,4.6713803592574195e-08
0413122,0.0007878211468222984,0.0007877745210122799,4.6625810018571974e-08,4.6625810018571974e-08
0042320,0.00010990948127679497,0.0001098628564282098,4.662484858516513e-08,4.662484858516513e-08
2212141,0.00035544236466846353,0.00035548862726957786,-4.626260111432155e-08,4.626260111432155e-08
1031232,0.00010194530648375548,0.00010199156371467464,-4.625723091916114e-08,4.625723091916114e-08
3242322,0.00017739457448290834,0.00017744067068692183,-4.609620401349796e-08,4.609620401349796e-08
3232422,0.0001773945744829085,0.000177440670686922,-4.609620401349796e-08,4.609620401349796e-08
2321301,0.00027299349278804623,0.00027303954858411887,-4.605579607264284e-08,4.605579607264284e-08
2322130,0.000272993492788046,0.00027303954858411855,-4.605579607253442e-08,4.605579607253442e-08
3424232,0.00013130413123962334,0.00013125807797213386,4.605326748947859e-08,4.605326748947859e-08
3423242,0.0001313041312396233,0.000131258077972134,4.605326748931596e-08,4.605326748931596e-08
1322324,0.00025879408391396363,0.00025874807421111685,4.6009702846781277e-08,4.6009702846781277e-08
3012322,0.00013106050806639222,0.00013101454024665724,4.596781973497505e-08,4.596781973497505e-08
2213012,0.0003527228238780925,0.00035276873251737406,-4.590863928154989e-08,4.590863928154989e-08
4213121,0.00024232553131965618,0.0002423714227143075,-4.5891394651319814e-08,4.5891394651319814e-08
4212321,0.00024203933552024634,0.00024208517271539064,-4.583719514429543e-08,4.583719514429543e-08
4232121,0.0002420393355202465,0.00024208517271539056,-4.583719514405149e-08,4.583719514405149e-08
1421213,0.00019673869711842157,0.00019678451130946515,-4.5814191043582354e-08,4.5814191043582354e-08
4213223,0.00024151966331135673,0.00024156540209143785,-4.5738780081114316e-08,4.5738780081114316e-08
2124221,0.00013559109215114287,0.0001356366825589698,-4.55904078269342e-08,4.55904078269342e-08
3421034,0.00012997131820412984,0.00012992573240399775,4.558580013209329e-08,4.558580013209329e-08
4132124,8.87887554177759e-05,8.874318301180138e-05,4.557240597452474e-08,4.557240597452474e-08
2040042,0.00034975803762543405,0.00034980356038295953,-4.552275752547647e-08,4.552275752547647e-08
3204223,0.0001749846188978448,0.0001750300888718587,-4.5469974013892566e-08,4.5469974013892566e-08
2132131,0.00013441721581351616,0.00013446241152357847,-4.519571006230934e-08,4.519571006230934e-08
3214130,0.0001738024049236474,0.00017384756769786824,-4.5162774220836597e-08,4.5162774220836597e-08
2132123,0.00013425846389693237,0.00013430360622911783,-4.514233218545663e-08,4.514233218545663e-08
2121323,0.00013425846389693242,0.00013430360622911777,-4.514233218534821e-08,4.514233218534821e-08
0232044,5.002847575103188e-08,5.002648218021207e-09,4.502582753301067e-08,4.502582753301067e-08
1422120,0.0001931392740560959,0.00019318425005588282,-4.497599978691845e-08,4.497599978691845e-08
1421204,0.0001931392740560959,0.00019318425005588282,-4.497599978691845e-08,4.497599978691845e-08
4413210,4.7710545495440934e-05,4.7665904997332884e-05,4.464049810805061e-08,4.464049810805061e-08
0342212,5.5596040516320504e-05,5.564055686855727e-05,-4.4516352236767076e-08,4.4516352236767076e-08
0042044,0.00010482845247257993,0.00010478398305404411,4.446941853582286e-08,4.446941853582286e-08
0142421,1.6333279574521998e-05,1.628883448647555e-05,4.4445088046447925e-08,4.4445088046447925e-08
0121321,1.6291330960616863e-05,1.6247000020487263e-05,4.4330940129600854e-08,4.4330940129600854e-08
4130120,8.63530025170207e-05,8.630868030449157e-05,4.4322212529120564e-08,4.4322212529120564e-08
1301214,0.0002488835624047167,0.00024883931464380786,4.424776090883667e-08,4.424776090883667e-08
1324221,0.000248840458353121,0.0002487962182554654,4.42400976555582e-08,4.42400976555582e-08
1034223,9.739442606559242e-05,9.743861835469468e-05,-4.419228910225871e-08,4.419228910225871e-08
0121420,1.6199926731156765e-05,1.615584451443925e-05,4.408221671751568e-08,4.408221671751568e-08
0232122,4.896831421763954e-08,4.8966362892901806e-09,4.407167792834936e-08,4.407167792834936e-08
0321421,5.49652709662438e-05,5.500928225446505e-05,-4.4011288221247754e-08,4.4011288221247754e-08
0121312,1.6132102296733717e-05,1.6088204639580366e-05,4.389765715335107e-08,4.389765715335107e-08
0122131,1.6132102296733697e-05,1.608820463958035e-05,4.389765715334768e-08,4.389765715334768e-08
0121232,1.6113049661677758e-05,1.606920384935072e-05,4.3845812327036947e-08,4.3845812327036947e-08
0122123,1.611304966167774e-05,1.6069203849350704e-05,4.3845812327036947e-08,4.3845812327036947e-08
0123212,1.6113049661677758e-05,1.6069203849350724e-05,4.384581232703356e-08,4.384581232703356e-08
1321323,0.00024639478275355895,0.00024635097746030817,4.3805293250783525e-08,4.3805293250783525e-08
2122320,0.00013006510614578913,0.0001301088385262808,-4.373238049167408e-08,4.373238049167408e-08
3121322,0.00012444053911530776,0.00012439689316616424,4.364594914351154e-08,4.364594914351154e-08
3240042,0.00016782568319949554,0.00016786929291503504,-4.360971553950374e-08,4.360971553950374e-08
0312142,5.442804987135059e-05,5.447163100081827e-05,-4.3581129467680285e-08,4.3581129467680285e-08
2213212,0.00033451098016298484,0.0003345545184397406,-4.353827675576856e-08,4.353827675576856e-08
2212132,0.00033451098016298484,0.0003345545184397405,-4.353827675566014e-08,4.353827675566014e-08
0042122,0.00010260701575582786,0.00010256348869594348,4.352705988438339e-08,4.352705988438339e-08
2322124,0.0002574951019929866,0.0002575385431086925,-4.3441115705892316e-08,4.3441115705892316e-08
1423244,0.000186090260182781,0.00018613359469122406,-4.333450844305276e-08,4.333450844305276e-08
2121214,0.00012861250460164555,0.00012865574856733234,-4.32439656867904e-08,4.32439656867904e-08
2321032,0.000256068566888293,0.00025611176733815276,-4.32004498597538e-08,4.32004498597538e-08
2424134,0.0001087672554954494,0.00010872417269421723,4.3082801232178754e-08,4.3082801232178754e-08
3424131,0.00012228854012018823,0.0001222456489575425,4.2891162645722824e-08,4.2891162645722824e-08
0123241,1.5740199052389827e-05,1.5697367817575055e-05,4.2831234814772265e-08,4.2831234814772265e-08
2232324,0.0003273697416037003,0.00032741235041254855,-4.2608808848234887e-08,4.2608808848234887e-08
0342413,5.317507152414163e-05,5.321764938026584e-05,-4.257785612420844e-08,4.257785612420844e-08
2132422,0.00012651279423993907,0.00012655533221048865,-4.253797054957478e-08,4.253797054957478e-08
2213241,0.00032677050735454406,0.0003268130381700583,-4.2530815514221516e-08,4.2530815514221516e-08
2210322,0.0003267061118796084,0.00032674863431372917,-4.252243412076898e-08,4.252243412076898e-08
3420423,0.00012110851528227244,0.00012106603799845147,4.247728382096962e-08,4.247728382096962e-08
1322320,0.0002386990186124314,0.00023865658151050835,4.243710192305375e-08,4.243710192305375e-08
2120421,0.00012506259857093718,0.0001251046489356204,-4.205036468321924e-08,4.205036468321924e-08
4132120,8.189440987796364e-05,8.185237611730964e-05,4.203376065400541e-08,4.203376065400541e-08
1321214,0.0002360331647697156,0.00023599120161658344,4.1963153132168734e-08,4.1963153132168734e-08
2124004,0.000124743908560759,0.0001247858517708547,-4.194321009568869e-08,4.194321009568869e-08
0323214,5.234268310713527e-05,5.238459446083198e-05,-4.191135369670701e-08,4.191135369670701e-08
1221342,0.0007792064271972396,0.0007791645641280088,4.1863069230770045e-08,4.1863069230770045e-08
1421223,0.00017967227553758057,0.00017971411550133604,-4.1839963755473325e-08,4.1839963755473325e-08
1424214,0.0001793305744744164,0.00017937233486685188,-4.176039243548131e-08,4.176039243548131e-08
2400421,0.00010509714164719636,0.0001050555125811413,4.162906605506046e-08,4.162906605506046e-08
1342131,0.0002338726595277783,0.0002338310804800426,4.157904773569943e-08,4.157904773569943e-08
1342123,0.00023359644689599683,0.00023355491695472034,4.152994127648471e-08,4.152994127648471e-08
0342323,5.1802316876779464e-05,5.184379555337862e-05,-4.1478676599153506e-08,4.1478676599153506e-08
1214232,0.0007619355124900001,0.0007618945773051824,4.093518481769389e-08,4.093518481769389e-08
1221423,0.0007619355124899993,0.0007618945773051817,4.093518481758547e-08,4.093518481758547e-08
1232142,0.00076193551249,0.0007618945773051829,4.093518481715179e-08,4.093518481715179e-08
0142400,1.5026629710086831e-05,1.4985740195065724e-05,4.08895150211073e-08,4.08895150211073e-08
2041324,0.00031409093439928835,0.0003141318149049795,-4.0880505691124475e-08,4.0880505691124475e-08
3212141,0.00015730995221122188,0.0001573508294007955,-4.087718957361585e-08,4.087718957361585e-08
2321213,0.00024192706577212764,0.00024196788045782549,-4.081468569784282e-08,4.081468569784282e-08
1320421,0.00022951828071813454,0.00022947747581357887,4.080490455566515e-08,4.080490455566515e-08
1324004,0.00022893341214788227,0.0002288927112241776,4.070092370466317e-08,4.070092370466317e-08
2232441,0.0003122356961383435,0.000312276335175498,-4.0639037154498094e-08,4.0639037154498094e-08
3213012,0.00015610635108120806,0.00015614691551350934,-4.056443230127842e-08,4.056443230127842e-08
1312042,0.00022727500855922647,0.00022723460247478267,4.0406084443801336e-08,4.0406084443801336e-08
0342041,5.0092490756950723e-05,5.01326003572432e-05,-4.010960029247787e-08,4.010960029247787e-08
2321204,0.00023750090115532717,0.00023754096911797018,-4.0067962643006725e-08,4.0067962643006725e-08
2322120,0.00023750090115532698,0.0002375409691179699,-4.006796264292541e-08,4.006796264292541e-08
3422130,0.00011409808372140945,0.00011405806525801419,4.0018463395261354e-08,4.0018463395261354e-08
3421301,0.00011409808372140943,0.00011405806525801419,4.00184633952478e-08,4.00184633952478e-08
0413213,0.0006752141557173144,0.0006751741943541631,3.9961363151267554e-08,3.9961363151267554e-08
1223221,0.000742302388040006,0.0007422625076499368,3.988039006918697e-08,3.988039006918697e-08
0342134,4.947254018762142e-05,4.95121533867735e-05,-3.9613199152083633e-08,3.9613199152083633e-08
0322322,4.9416898345765306e-05,4.945646699189145e-05,-3.956864612614225e-08,3.956864612614225e-08
0413014,0.0006684330418276004,0.0006683934817927565,3.95600348438753e-08,3.95600348438753e-08
0423221,0.0006643120419620853,0.0006642727258213765,3.931614070884406e-08,3.931614070884406e-08
2232320,0.00030194985473542434,0.00030198915501888733,-3.930028346298912e-08,3.930028346298912e-08
0413204,0.0006628608086651348,0.0006628215784131189,3.923025201587639e-08,3.923025201587639e-08
3241324,0.00015071140612007853,0.00015075056866912444,-3.916254904591e-08,3.916254904591e-08
1342422,0.0002201197478620145,0.00022008061387550023,3.913398651425701e-08,3.913398651425701e-08
3122103,0.00011054873606196335,0.00011050996248748077,3.8773574482576286e-08,3.8773574482576286e-08
0441323,0.0006537969889826817,0.0006537582951569042,3.8693825777486555e-08,3.8693825777486555e-08
2120400,0.00011505768640843864,0.0001150963727761326,-3.8686367693965135e-08,3.8686367693965135e-08
2323244,0.00022883281872957233,0.00022887142432975177,-3.860560017943538e-08,3.860560017943538e-08
4241301,0.00020318377105658954,0.00020322224981932414,-3.847876273459141e-08,3.847876273459141e-08
3213212,0.00014804624190661923,0.00014808471190938145,-3.8470002762216104e-08,3.8470002762216104e-08
3212132,0.00014804624190661926,0.00014808471190938142,-3.8470002762161894e-08,3.8470002762161894e-08
3014212,0.00010965936608698107,0.00010962090444779689,3.846163918418393e-08,3.846163918418393e-08
2400400,9.668945075699431e-05,9.665115198436064e-05,3.829877263366991e-08,3.829877263366991e-08
2103424,0.00011353634803858441,0.00011357452287977863,-3.817484119421832e-08,3.817484119421832e-08
0120422,1.400447423881658e-05,1.3966366148659425e-05,3.8108090157155974e-08,3.8108090157155974e-08
4232103,0.00020062319323651398,0.00020066118707928756,-3.799384277358058e-08,3.799384277358058e-08
4232210,0.0002006231932365138,0.00020066118707928732,-3.799384277352637e-08,3.799384277352637e-08
1301424,0.00021349522161613025,0.00021345726537092834,3.7956245201904585e-08,3.7956245201904585e-08
2042321,0.0002903363906765377,0.00029037417940958125,-3.778873304354467e-08,3.778873304354467e-08
3422124,0.0001076205055475782,0.00010758275901300592,3.774653457227844e-08,3.774653457227844e-08
0142040,1.3859829060244586e-05,1.3822114569405159e-05,3.7714490839427776e-08,3.7714490839427776e-08
2041320,0.00028970213175775935,0.00028973983793883313,-3.77061810737816e-08,3.77061810737816e-08
4210340,0.00019854024634010357,0.0001985778457162374,-3.7599376133835155e-08,3.7599376133835155e-08
3213241,0.0001446205011153553,0.00014465808093505026,-3.757981969495583e-08,3.757981969495583e-08
3210322,0.0001445920012793996,0.00014462957369337608,-3.7572413976474884e-08,3.7572413976474884e-08
3014241,0.00010712188483308163,0.00010708431318343401,3.757164964762131e-08,3.757164964762131e-08
1320400,0.0002111569939344594,0.000211119453391036,3.754054342340325e-08,3.754054342340325e-08
3421032,0.00010702428283126142,0.00010698674541428479,3.7537416976629254e-08,3.7537416976629254e-08
2232044,0.00028799095063073235,0.000288028434093026,-3.748346229367691e-08,3.748346229367691e-08
2423213,9.428033546030866e-05,9.424299094026705e-05,3.734452004160475e-08,3.734452004160475e-08
2321223,0.00022094070489469576,0.00022097797904341228,-3.727414871651817e-08,3.727414871651817e-08
2324214,0.00022052051945688732,0.0002205577227175596,-3.720326067227714e-08,3.720326067227714e-08
2424413,9.370901981538846e-05,9.367190159395334e-05,3.711822143512332e-08,3.711822143512332e-08
4123221,7.221519080378922e-05,7.2178125074268e-05,3.706572952121804e-08,3.706572952121804e-08
4213424,0.000195539998074983,0.00019557702926675574,-3.703119177272951e-08,3.703119177272951e-08
2413124,9.345725121064763e-05,9.342023271496845e-05,3.701849567917695e-08,3.701849567917695e-08
2421340,9.330148087738883e-05,9.326452408246942e-05,3.695679491941403e-08,3.695679491941403e-08
3121424,0.00010535955778009085,0.00010532260424442356,3.695353566729291e-08,3.695353566729291e-08
0242042,4.083809057764835e-08,4.083646323193189e-09,3.6754444254455165e-08,3.6754444254455165e-08
2232122,0.00028188808774633764,0.00028192477689050995,-3.668914417230811e-08,3.668914417230811e-08
2423204,9.255543426522072e-05,9.251877297999088e-05,3.666128522983314e-08,3.666128522983314e-08
4242213,0.00019356508887838236,0.00019360174606359933,-3.66571852169692e-08,3.66571852169692e-08
0413121,0.0006186991150152771,0.0006186624983954876,3.661661978954147e-08,3.661661978954147e-08
0413223,0.0006166415942049906,0.0006166050993559538,3.6494849036772074e-08,3.6494849036772074e-08
1413124,0.0001560553754534308,0.00015609171579160082,-3.6340338170024475e-08,3.6340338170024475e-08
1032212,8.007627135931953e-05,8.011260561249084e-05,-3.633425317130863e-08,3.633425317130863e-08
3232421,0.0001393131761996777,0.00013934937690429676,-3.620070461907328e-08,3.620070461907328e-08
3242321,0.00013931317619967775,0.0001393493769042968,-3.6200704619046174e-08,3.6200704619046174e-08
3241320,0.00013900883741423608,0.00013904495903603768,-3.6121621801603115e-08,3.6121621801603115e-08
3012321,0.00010292567124047952,0.00010288957135981006,3.609988066946091e-08,3.609988066946091e-08
4004244,0.00011363045407816401,0.00011359440090545376,3.6053172710251023e-08,3.6053172710251023e-08
2142424,0.00010711406547582156,0.00010715008092382426,-3.601544800269725e-08,3.601544800269725e-08
3223244,0.0001381877550920939,0.00013822366335461788,-3.590826252398353e-08,3.590826252398353e-08
2134210,0.0001066719923092204,0.00010670785911695765,-3.58668077372502e-08,3.58668077372502e-08
1421324,0.0001534367726709125,0.00015347250321970244,-3.573054878992831e-08,3.573054878992831e-08
4212212,0.000188259525405268,0.00018829517782757038,-3.5652422302362733e-08,3.5652422302362733e-08
4221212,0.00018825952540526828,0.00018829517782757054,-3.565242230225431e-08,3.565242230225431e-08
4204130,0.00018740678309054644,0.00018744227402126375,-3.549093071731138e-08,3.549093071731138e-08
2424132,8.956389514063688e-05,8.952841880656609e-05,3.5476334070788066e-08,3.5476334070788066e-08
2413242,8.956389514063685e-05,8.952841880656617e-05,3.5476334070679645e-08,3.5476334070679645e-08
3421213,0.0001011138189523609,0.00010107835455602299,3.546439633790848e-08,3.546439633790848e-08
4412214,3.779787815011266e-05,3.776251246542963e-05,3.536568468303058e-08,3.536568468303058e-08
2103420,0.00010472038017167074,0.00010475559078000834,-3.521060833759561e-08,3.521060833759561e-08
1301420,0.0001969175612807126,0.00019688255229463833,3.5008986074263476e-08,3.5008986074263476e-08
2420441,8.827666939411851e-05,8.82417029312469e-05,3.496646287161234e-08,3.496646287161234e-08
4221241,0.00018390326261048836,0.00018393809004759818,-3.482743710981652e-08,3.482743710981652e-08
1413242,0.00014955423043355455,0.000149589056861628,-3.4826428073456194e-08,3.4826428073456194e-08
3421204,9.92638960994212e-05,9.922908054018533e-05,3.4815559235874404e-08,3.4815559235874404e-08
3422120,9.92638960994212e-05,9.922908054018533e-05,3.4815559235874404e-08,3.4815559235874404e-08
1032413,7.658929336286843e-05,7.662404541523073e-05,-3.4752052362299916e-08,3.4752052362299916e-08
0342141,4.328703349968722e-05,4.33216938965907e-05,-3.466039690348322e-08,3.466039690348322e-08
0232121,3.8456257225952977e-08,3.845472479325148e-09,3.461078474662783e-08,3.461078474662783e-08
4214244,0.0001823666047464976,0.0001824011411727009,-3.453642620328203e-08,3.453642620328203e-08
0400441,0.000582913790601026,0.0005828792918727708,3.449872825519312e-08,3.449872825519312e-08
2103123,0.00010197056291884503,0.00010200484894365716,-3.428602481213175e-08,3.428602481213175e-08
3121321,9.772681494170536e-05,9.769253849429347e-05,3.427644741189819e-08,3.427644741189819e-08
2422122,8.64059841936862e-05,8.637175871079324e-05,3.422548289295688e-08,3.422548289295688e-08
0042121,8.058030696249963e-05,8.054612388231917e-05,3.418308018045789e-08,3.418308018045789e-08
4213420,0.00018035654035852058,0.00018039069612050933,-3.4155761988749565e-08,3.4155761988749565e-08
2413120,8.620040229981985e-05,8.616625824808776e-05,3.4144051732083844e-08,3.4144051732083844e-08
2423223,8.610183283059867e-05,8.606772782231603e-05,3.410500828263433e-08,3.410500828263433e-08
2422323,8.610183283059872e-05,8.60677278223161e-05,3.410500828262078e-08,3.410500828262078e-08
4212413,0.00018006163092832849,0.0001800957308406304,-3.4099912301922266e-08,3.4099912301922266e-08
3121420,9.717850834607301e-05,9.714442421028207e-05,3.408413579093815e-08,3.408413579093815e-08
3121312,9.677164987837564e-05,9.673770844305931e-05,3.394143531633236e-08,3.394143531633236e-08
3122131,9.677164987837552e-05,9.67377084430592e-05,3.3941435316318805e-08,3.3941435316318805e-08
3121232,9.66573588272168e-05,9.662345747804479e-05,3.3901349172008174e-08,3.3901349172008174e-08
3123212,9.665735882721677e-05,9.66234574780448e-05,3.3901349171967517e-08,3.3901349171967517e-08
3122123,9.665735882721666e-05,9.66234574780447e-05,3.3901349171953964e-08,3.3901349171953964e-08
1032323,7.461208288832631e-05,7.464593779020034e-05,-3.3854901874028303e-08,3.3854901874028303e-08
2214210,0.0002598871460919932,0.0002599209717035958,-3.382561160260745e-08,3.382561160260745e-08
4204213,0.000178534980607433,0.00017856879140404816,-3.381079661515449e-08,3.381079661515449e-08
0122324,1.2400972140145606e-05,1.2367227398551283e-05,3.374474159432297e-08,3.374474159432297e-08
0312213,4.2079490021995096e-05,4.211318352574761e-05,-3.369350375251681e-08,3.369350375251681e-08
1204134,0.0006268148111624307,0.0006267811353726551,3.3675789775570834e-08,3.3675789775570834e-08
3423244,9.564105665289371e-05,9.560751175888754e-05,3.354489400616829e-08,3.354489400616829e-08
1413120,0.0001439378536269486,0.00014397137217932843,-3.351855237983259e-08,3.351855237983259e-08
4223242,0.00017677396715949162,0.00017680744445693866,-3.347729744704016e-08,3.347729744704016e-08
4242232,0.00017677396715949168,0.00017680744445693853,-3.3477297446850426e-08,3.3477297446850426e-08
1312324,0.0001881816846112188,0.00018814822873286507,3.3455878353734524e-08,3.3455878353734524e-08
2132421,9.935421783240794e-05,9.938762415164643e-05,-3.340631923848649e-08,3.340631923848649e-08
2210321,0.0002565719175034902,0.0002566053116215144,-3.339411802416375e-08,3.339411802416375e-08
3232400,0.00012816822873430204,0.00012820153341025955,-3.330467595750921e-08,3.330467595750921e-08
4213123,0.0001756206186064719,0.00017565387748379093,-3.325887731902731e-08,3.325887731902731e-08
4232131,0.00017562061860647196,0.00017565387748379093,-3.32588773189731e-08,3.32588773189731e-08
4212323,0.00017541320388190203,0.00017544642347920407,-3.321959730204411e-08,3.321959730204411e-08
4232123,0.00017541320388190208,0.0001754464234792041,-3.3219597302017005e-08,3.3219597302017005e-08
2142420,9.879678052132915e-05,9.882999941089245e-05,-3.3218889563299114e-08,3.3218889563299114e-08
4204204,0.00017526860273646736,0.00017530179494933227,-3.319221286490542e-08,3.319221286490542e-08
2040044,0.000254761430394694,0.00025479458886876785,-3.31584740738476e-08,3.31584740738476e-08
3123241,9.442073969628948e-05,9.438762281306028e-05,3.311688322920128e-08,3.311688322920128e-08
2131242,9.838314681341936e-05,9.841622662504534e-05,-3.307981162598136e-08,3.307981162598136e-08
2210312,0.00025406422775654553,0.00025409729548620967,-3.306772966413978e-08,3.306772966413978e-08
4244131,0.00017455640085108776,0.00017458945818778972,-3.30573367019599e-08,3.30573367019599e-08
2124232,9.826695252222196e-05,9.82999932653145e-05,-3.3040743092538805e-08,3.3040743092538805e-08
2123242,9.826695252222182e-05,9.829999326531433e-05,-3.30407430925117e-08,3.30407430925117e-08
1421320,0.0001415225823623605,0.00014155553847480974,-3.2956112449238724e-08,3.2956112449238724e-08
1032041,7.214938052540419e-05,7.218211798699755e-05,-3.273746159336772e-08,3.273746159336772e-08
2121034,9.726948599894232e-05,9.730219135934193e-05,-3.270536039960779e-08,3.270536039960779e-08
0301422,4.0767051179649e-05,4.0799693799395166e-05,-3.264261974616914e-08,3.264261974616914e-08
0342132,4.0737935158163946e-05,4.077055446439616e-05,-3.261930623221478e-08,3.261930623221478e-08
0321342,4.0737935158164013e-05,4.077055446439621e-05,-3.261930623219445e-08,3.261930623219445e-08
4131210,6.335874947554903e-05,6.33262294718666e-05,3.252000368243659e-08,3.252000368243659e-08
4004412,0.00010234975095386392,0.00010231727697250121,3.247398136270593e-08,3.247398136270593e-08
1031214,7.155894144262305e-05,7.159141099509984e-05,-3.2469552476791235e-08,3.2469552476791235e-08
0124221,1.1924011340243851e-05,1.1891564474232312e-05,3.244686601153941e-08,3.244686601153941e-08
3421223,9.234253456771792e-05,9.231014658871876e-05,3.238797899916357e-08,3.238797899916357e-08
1032134,7.125645128875457e-05,7.128878358766491e-05,-3.2332298910341616e-08,3.2332298910341616e-08
3424214,9.21669173661065e-05,9.213459098262514e-05,3.2326383481360546e-08,3.2326383481360546e-08
0142423,1.1837220152284188e-05,1.1805009456967732e-05,3.221069531645641e-08,3.221069531645641e-08
0121323,1.180681872704606e-05,1.1774690758166477e-05,3.212796887958347e-08,3.212796887958347e-08
4212041,0.00016962338412396434,0.00016965550725032492,-3.212312636057717e-08,3.212312636057717e-08
1323242,0.00018034218265117782,0.00018031012051857812,3.2062132599699686e-08,3.2062132599699686e-08
1324232,0.00018034218265117777,0.00018031012051857812,3.2062132599645476e-08,3.2062132599645476e-08
2141221,9.509050819869177e-05,9.512248091150391e-05,-3.1972712812139404e-08,3.1972712812139404e-08
1312441,0.0001794821934587923,0.00017945028421936,3.190923943228053e-08,3.190923943228053e-08
0321423,3.983498905953328e-05,3.986688536703746e-05,-3.189630750417594e-08,3.189630750417594e-08
2321324,0.00018867924174304743,0.0001887110731709403,-3.183142789286932e-08,3.183142789286932e-08
3240044,0.00012224311240749343,0.0001222748774344972,-3.176502700376902e-08,3.176502700376902e-08
1321034,0.00017851160497157556,0.00017847986828820462,3.173668337093545e-08,3.173668337093545e-08
4212134,0.00016752410513084276,0.0001675558306976053,-3.172556676254209e-08,3.172556676254209e-08
1232213,0.0005890686488126992,0.000589037000945374,3.164786732516318e-08,3.164786732516318e-08
1213400,0.0005829527122949787,0.0005829213930079434,3.1319287035341814e-08,3.1319287035341814e-08
1221340,0.000582952712294978,0.0005829213930079427,3.1319287035233394e-08,3.1319287035233394e-08
4232422,0.00016529322565999224,0.00016532452874477513,-3.1303084782884376e-08,3.1303084782884376e-08
4242322,0.00016529322565999222,0.00016532452874477486,-3.130308478264043e-08,3.130308478264043e-08
0122320,1.1438050804426222e-05,1.140692630351e-05,3.1124500916222776e-08,3.1124500916222776e-08
0322321,3.88085435338298e-05,3.8839617955276046e-05,-3.1074421446246467e-08,3.1074421446246467e-08
4204223,0.00016304767032937598,0.00016307854815287776,-3.087782350177947e-08,3.087782350177947e-08
1312320,0.0001735695915385195,0.000173538733470943,3.085806757650378e-08,3.085806757650378e-08
0121214,1.1310307624469267e-05,1.1279530730220432e-05,3.077689424883459e-08,3.077689424883459e-08
2124131,9.15197568618165e-05,9.155052896471321e-05,-3.077210289671186e-08,3.077210289671186e-08
0312232,3.842923551111013e-05,3.846000621651134e-05,-3.077070540120956e-08,3.077070540120956e-08
2132400,9.140595645174294e-05,9.143669029101154e-05,-3.073383926859247e-08,3.073383926859247e-08
1342421,0.0001728665113254859,0.00017283577825501553,3.0733070470359385e-08,3.0733070470359385e-08
3232040,0.00011821611202805709,0.00011824683063393111,-3.071860587402283e-08,3.071860587402283e-08
4214130,0.0001619461036000382,0.0001619767728098076,-3.066920976942523e-08,3.066920976942523e-08
2120423,9.06366357929834e-05,9.06671109600782e-05,-3.0475167094796735e-08,3.0475167094796735e-08
0242324,3.381357558811722e-08,3.381222816034547e-09,3.043235277208267e-08,3.043235277208267e-08
2400423,7.616706720640741e-05,7.613689736713056e-05,3.016983927684987e-08,3.016983927684987e-08
0041221,7.090117623605595e-05,7.087109915291337e-05,3.0077083142574196e-08,3.0077083142574196e-08
0120421,1.0998125466368622e-05,1.0968198062477205e-05,2.992740389141653e-08,2.992740389141653e-08
3214210,0.0001150195885349105,0.00011504947652012142,-2.988798521092503e-08,2.988798521092503e-08
1324131,0.00016795954575301092,0.0001679296850673513,2.986068565962005e-08,2.986068565962005e-08
0124004,1.097009955968774e-05,1.0940248418122218e-05,2.985114156552327e-08,2.985114156552327e-08
4240042,0.000156377096681214,0.00015640671123738178,-2.9614556167778137e-08,2.9614556167778137e-08
1320423,0.00016633881795988492,0.00016630924541529498,2.9572544589940696e-08,2.9572544589940696e-08
0413424,0.0004992475332675261,0.0004992179861796715,2.954708785464239e-08,2.954708785464239e-08
3210321,0.00011355235079775124,0.00011358185751938476,-2.950672163352095e-08,2.950672163352095e-08
3120422,8.400864641453984e-05,8.39791814416695e-05,2.9464972870342325e-08,2.9464972870342325e-08
1312044,0.00016554560594693926,0.00016551617442353686,2.9431523402401833e-08,2.9431523402401833e-08
2212042,0.00022582524034433786,0.0002258546326285846,-2.9392284246748798e-08,2.9392284246748798e-08
2042212,0.00022582524034433805,0.00022585463262858447,-2.9392284246423537e-08,2.9392284246423537e-08
2321320,0.00017402851392683268,0.00017405787368067314,-2.935975384045584e-08,2.935975384045584e-08
0240040,3.2581011045477556e-08,3.2579712733827503e-09,2.9323039772094804e-08,2.9323039772094804e-08
3210312,0.00011244250967169304,0.00011247172799970958,-2.9218328016536693e-08,2.9218328016536693e-08
3221031,0.00011244250967169297,0.00011247172799970945,-2.9218328016482483e-08,2.9218328016482483e-08
1214134,0.0005416571090572768,0.0005416280083873332,2.910066994364982e-08,2.910066994364982e-08
0242441,3.225040060502325e-08,3.2249115467776706e-09,2.902548905824558e-08,2.902548905824558e-08
1204413,0.0005400357055277232,0.0005400066919681091,2.90135596140665e-08,2.90135596140665e-08
1223232,0.0005379689208591161,0.0005379400183380486,2.8902521067436515e-08,2.8902521067436515e-08
1232232,0.0005379689208591161,0.0005379400183380488,2.8902521067219675e-08,2.8902521067219675e-08
2232121,0.0002213750051334261,0.00022140381819730684,-2.881306388074242e-08,2.881306388074242e-08
1312122,0.00016203750219577807,0.00016200869436055524,2.880783522282238e-08,2.880783522282238e-08
0312322,3.59334148537145e-05,3.59621871284636e-05,-2.877227474910117e-08,2.877227474910117e-08
1214214,0.0005348289254494998,0.000534800191625508,2.8733823991813554e-08,2.8733823991813554e-08
2122130,8.539008536956669e-05,8.541879646521904e-05,-2.8711095652352958e-08,2.8711095652352958e-08
2121301,8.53900853695668e-05,8.541879646521911e-05,-2.87110956523123e-08,2.87110956523123e-08
0232103,3.187588128190871e-08,3.187461106877854e-09,2.8688420175030855e-08,2.8688420175030855e-08
0232210,3.18758812819087e-08,3.1874611068778505e-09,2.8688420175030845e-08,2.8688420175030845e-08
3014131,8.172410226657199e-05,8.169543856873941e-05,2.8663697832580193e-08,2.8663697832580193e-08
4004122,9.026376330612485e-05,9.02351240203424e-05,2.863928578245359e-08,2.863928578245359e-08
0423232,0.0004814469656654239,0.00048141847207287987,2.8493592544014817e-08,2.8493592544014817e-08
0301413,3.553632236512254e-05,3.5564776683611984e-05,-2.8454318489445614e-08,2.8454318489445614e-08
0324134,3.5529528735587544e-05,3.55579776143442e-05,-2.844887875665461e-08,2.844887875665461e-08
2103012,8.445679730647835e-05,8.448519459845278e-05,-2.839729197443182e-08,2.839729197443182e-08
2132040,8.430838823817652e-05,8.43367356298969e-05,-2.834739172037767e-08,2.834739172037767e-08
0042210,6.679194710251086e-05,6.676361320097482e-05,2.8333901536039142e-08,2.8333901536039142e-08
0042103,6.679194710251084e-05,6.676361320097483e-05,2.8333901536012037e-08,2.8333901536012037e-08
1032141,6.234732201555564e-05,6.23756118365502e-05,-2.8289820994562508e-08,2.8289820994562508e-08
1342400,0.00015903732273183895,0.00015900904828348292,2.8274448356029828e-08,2.8274448356029828e-08
3221242,0.00010835855410724339,0.00010838671121425356,-2.8157107010174927e-08,2.8157107010174927e-08
3242212,0.00010835855410724329,0.00010838671121425345,-2.8157107010161374e-08,2.8157107010161374e-08
2042413,0.00021599152018283676,0.00021601963255923128,-2.8112376394519778e-08,2.8112376394519778e-08
3012212,8.005615276584027e-05,8.002807408025215e-05,2.8078685588122363e-08,2.8078685588122363e-08
0242320,3.1187990028953477e-08,3.1186747227410655e-09,2.8069315306212412e-08,2.8069315306212412e-08
0142130,1.0286074956006467e-05,1.0258085138959245e-05,2.7989817047222298e-08,2.7989817047222298e-08
1322130,0.00015671020599560852,0.00015668234527367128,2.78607219372372e-08,2.78607219372372e-08
1321301,0.00015671020599560863,0.00015668234527367147,2.7860721937155884e-08,2.7860721937155884e-08
4212141,0.0001465787186852061,0.00014660647763322136,-2.7758948015264937e-08,2.7758948015264937e-08
1204132,0.0005161477667504339,0.0005161200365765824,2.7730173851494948e-08,2.7730173851494948e-08
3421324,7.885880246092422e-05,7.883114373084971e-05,2.7658730074507317e-08,2.7658730074507317e-08
4213012,0.0001454572237704495,0.00014548477033075034,-2.7546560300834412e-08,2.7546560300834412e-08
0120400,1.0118283847047536e-05,1.0090750612560932e-05,2.7533234486603713e-08,2.7533234486603713e-08
2042323,0.00021041553589878757,0.00021044292253294587,-2.7386634158301513e-08,2.7386634158301513e-08
0413420,0.0004604815320092625,0.00046045427921906373,2.7252790198758602e-08,2.7252790198758602e-08
0422134,0.00045979419055227125,0.0004597669784411683,2.7212111102924586e-08,2.7212111102924586e-08
2122124,8.054231812220402e-05,8.056939923109001e-05,-2.7081108885983543e-08,2.7081108885983543e-08
1232322,0.000503030053929826,0.0005030030285085287,2.7025421297328586e-08,2.7025421297328586e-08
0420413,0.000455830773998714,0.0004558037964554544,2.6977543259585398e-08,2.6977543259585398e-08
2103212,8.009610985134592e-05,8.012304092960132e-05,-2.693107825540498e-08,2.693107825540498e-08
2121032,8.009610985134594e-05,8.012304092960131e-05,-2.6931078255364323e-08,2.6931078255364323e-08
3242413,0.00010364000406132834,0.00010366693504715512,-2.6930985826776753e-08,2.6930985826776753e-08
4412142,2.876577915391694e-05,2.8738864376553526e-05,2.691477736341296e-08,2.691477736341296e-08
2422121,6.785716043328804e-05,6.783028215506176e-05,2.687827822628558e-08,2.687827822628558e-08
2421221,6.785716043328795e-05,6.783028215506169e-05,2.6878278226258475e-08,2.6878278226258475e-08
4123232,5.233652604692399e-05,5.230966339521676e-05,2.6862651707231693e-08,2.6862651707231693e-08
3012413,7.657005084780293e-05,7.654319486848164e-05,2.6855979321294197e-08,2.6855979321294197e-08
0242044,2.974619379953082e-08,2.9745008451725035e-09,2.6771692954358316e-08,2.6771692954358316e-08
0421422,0.0004518826397299826,0.0004518558958501112,2.6743879871413655e-08,2.6743879871413655e-08
1032132,5.8675796334558845e-05,5.8702420217050604e-05,-2.662388249175928e-08,2.662388249175928e-08
4241324,0.0001404303064733305,0.00014045690104048245,-2.6594567151944342e-08,2.6594567151944342e-08
4413240,2.8400654448325945e-05,2.837408130085923e-05,2.657314746671514e-08,2.657314746671514e-08
0413123,0.0004483899022877994,0.00044836336511945563,2.6537168343798625e-08,2.6537168343798625e-08
2042041,0.00020347040292040567,0.00020349688561077835,-2.6482690372673506e-08,2.6482690372673506e-08
0142124,9.70211374950535e-06,9.675712970784472e-06,2.640077872087876e-08,2.640077872087876e-08
2103241,7.82427125127469e-05,7.826902041480985e-05,-2.6307902062952483e-08,2.6307902062952483e-08
1322124,0.0001478134517569282,0.0001477871727443279,2.6279012600298772e-08,2.6279012600298772e-08
3232423,0.00010096445905217441,0.0001009906947942548,-2.6235742080386935e-08,2.6235742080386935e-08
3242323,0.00010096445905217442,0.0001009906947942548,-2.6235742080373383e-08,2.6235742080373383e-08
0242122,2.9115837388353428e-08,2.9114677159444946e-09,2.6204369672408932e-08,2.6204369672408932e-08
3012323,7.459333713332563e-05,7.45671744614014e-05,2.6162671924232872e-08,2.6162671924232872e-08
2042134,0.0002009522292335709,0.00020097838417104628,-2.6154937475368623e-08,2.6154937475368623e-08
1321032,0.00014699455820809892,0.00014696842478247743,2.613342562149271e-08,2.613342562149271e-08
4213212,0.00013794695211460556,0.00013797307638630725,-2.6124271701683053e-08,2.6124271701683053e-08
4212132,0.0001379469521146056,0.00013797307638630722,-2.6124271701628843e-08,2.6124271701628843e-08
3122324,7.438971759685895e-05,7.436362634191818e-05,2.6091254940767612e-08,2.6091254940767612e-08
1342040,0.00014668825610194005,0.00014666217713223465,2.607896970539792e-08,2.607896970539792e-08
1301213,0.00014643760907075018,0.00014641157466232388,2.6034408426306313e-08,2.6034408426306313e-08
3212042,9.994463603062837e-05,9.997060677040984e-05,-2.5970739781473544e-08,2.5970739781473544e-08
3204212,9.994463603062845e-05,9.997060677040988e-05,-2.5970739781432887e-08,2.5970739781432887e-08
2413244,6.523774605055644e-05,6.521190532456661e-05,2.5840725989830057e-08,2.5840725989830057e-08
1424130,0.00011075739684852493,0.00011078318872685383,-2.5791878328901416e-08,2.5791878328901416e-08
4122134,4.998272363562112e-05,4.995706911481473e-05,2.565452080638956e-08,2.565452080638956e-08
0301421,3.201556417769088e-05,3.204119938693881e-05,-2.5635209247933685e-08,2.5635209247933685e-08
1301204,0.00014375846706665417,0.00014373290896945443,2.5558097199734767e-08,2.5558097199734767e-08
4213241,0.00013475490552967694,0.00013478042529442143,-2.551976474449635e-08,2.551976474449635e-08
4210322,0.00013472834987074756,0.00013475386460640466,-2.5514735657106765e-08,2.5514735657106765e-08
3421320,7.273550643697134e-05,7.270999537572531e-05,2.5511061246030254e-08,2.5511061246030254e-08
1423210,0.00010936160164153149,0.00010938706848350924,-2.5466841977755017e-08,2.5466841977755017e-08
2121213,7.567276636710865e-05,7.569821016452427e-05,-2.544379741561975e-08,2.544379741561975e-08
4120413,4.95518735763558e-05,4.9526440196996076e-05,2.5433379359722887e-08,2.5433379359722887e-08
3242041,9.763195039870201e-05,9.76573201842038e-05,-2.5369785501793947e-08,2.5369785501793947e-08
3204241,9.763195039870203e-05,9.76573201842037e-05,-2.5369785501671975e-08,2.5369785501671975e-08
1413244,0.00010893430763021699,0.00010895967496899706,-2.53673387800679e-08,2.53673387800679e-08
3012041,7.21312535068513e-05,7.210595437969722e-05,2.529912715407731e-08,2.529912715407731e-08
1034212,5.5628034771560566e-05,5.56532757457531e-05,-2.524097419253225e-08,2.524097419253225e-08
4121422,4.9122684804324414e-05,4.9097471713726044e-05,2.5213090598369522e-08,2.5213090598369522e-08
0232131,2.7903364008147023e-08,2.7902252094753183e-09,2.5113138798671706e-08,2.5113138798671706e-08
3124221,7.152857261495863e-05,7.15034848705239e-05,2.508774443473838e-08,2.508774443473838e-08
0232123,2.7870409058971644e-08,2.7869298458790432e-09,2.50834792130926e-08,2.50834792130926e-08
2421322,6.331388618091273e-05,6.32888074974327e-05,2.507868348003374e-08,2.507868348003374e-08
3242134,9.64236458740162e-05,9.644870168006263e-05,-2.505580604643008e-08,2.505580604643008e-08
3012134,7.123854861231978e-05,7.121356259014492e-05,2.4986022174864112e-08,2.4986022174864112e-08
2122120,7.428829902824129e-05,7.431327731992506e-05,-2.4978291683771473e-08,2.4978291683771473e-08
2121204,7.428829902824138e-05,7.431327731992513e-05,-2.4978291683744368e-08,2.4978291683744368e-08
3121323,7.082556922928056e-05,7.080072805441416e-05,2.484117486640017e-08,2.484117486640017e-08
0042131,5.846803093321919e-05,5.8443228131334715e-05,2.480280188447737e-08,2.480280188447737e-08
0042123,5.839897793347243e-05,5.837420442465369e-05,2.477350881873548e-08,2.477350881873548e-08
1321213,0.00013887671799744597,0.00013885202780194092,2.4690195505049388e-08,2.4690195505049388e-08
0323213,3.0797282442030704e-05,3.082194215988817e-05,-2.4659717857462718e-08,2.4659717857462718e-08
1034241,5.4340820551188924e-05,5.436547745763477e-05,-2.465690644584353e-08,2.465690644584353e-08
0441301,0.0004158231748164109,0.0004157985650525974,2.4609763813496048e-08,2.4609763813496048e-08
4232421,0.000129809631089942,0.00012983421432298997,-2.458323304795583e-08,2.458323304795583e-08
4242321,0.0001298096310899421,0.0001298342143229899,-2.45832330477932e-08,2.45832330477932e-08
1424213,0.00010551416214709391,0.00010553873304266856,-2.4570895574654817e-08,2.4570895574654817e-08
4241320,0.0001295260534231181,0.0001295505829524783,-2.4529529360191663e-08,2.4529529360191663e-08
0324413,3.0610658484932386e-05,3.063516877096459e-05,-2.4510286032204806e-08,2.4510286032204806e-08
4132424,4.761885319567182e-05,4.759441197336084e-05,2.444122231097794e-08,2.444122231097794e-08
0321340,3.047753325029656e-05,3.0501936941510496e-05,-2.440369121393604e-08,2.440369121393604e-08
4223244,0.00012876098298082928,0.0001287853676218263,-2.4384640997030102e-08,2.4384640997030102e-08
2213124,0.00018720238266514707,0.00018722674799133716,-2.4365326190087678e-08,2.4365326190087678e-08
0142120,8.948755688105363e-06,8.924404899725784e-06,2.4350788379579104e-08,2.4350788379579104e-08
2212324,0.00018698128943049462,0.00018700562598029466,-2.4336549800044053e-08,2.4336549800044053e-08
1322120,0.00013633590590047837,0.00013631166742321914,2.4238477259232996e-08,2.4238477259232996e-08
1321204,0.00013633590590047848,0.0001363116674232193,2.4238477259178786e-08,2.4238477259178786e-08
2132423,7.200499716999614e-05,7.202920773674115e-05,-2.421056674501473e-08,2.421056674501473e-08
0323204,3.0233832290624695e-05,3.0258040847838808e-05,-2.420855721411313e-08,2.420855721411313e-08
2210323,0.00018594540419916814,0.0001859696059233253,-2.4201724157152165e-08,2.4201724157152165e-08
1424204,0.00010358373303377317,0.00010360785439374812,-2.4121359974951426e-08,2.4121359974951426e-08
1420424,0.00010358373303377314,0.00010360785439374805,-2.412135997491077e-08,2.412135997491077e-08
2131244,7.166163036333108e-05,7.168572547829747e-05,-2.4095114966397858e-08,2.4095114966397858e-08
2123244,7.157699521375695e-05,7.16010618714632e-05,-2.4066657706249268e-08,2.4066657706249268e-08
3122320,6.861344091285103e-05,6.858937561408326e-05,2.4065298767774823e-08,2.4065298767774823e-08
1214132,0.00044602504951332656,0.00044600108670081023,2.3962812516328726e-08,2.3962812516328726e-08
1421212,0.00010262204927783785,0.00010264594669222437,-2.389741438651896e-08,2.389741438651896e-08
2232103,0.00018349480400429573,0.0001835186867705835,-2.3882766287758534e-08,2.3882766287758534e-08
2232210,0.00018349480400429562,0.0001835186867705833,-2.388276628767722e-08,2.388276628767722e-08
0422141,0.0004023065412432111,0.00040228273143760103,2.3809805610084354e-08,2.3809805610084354e-08
3121214,6.784714783723324e-05,6.78233513060941e-05,2.3796531139138612e-08,2.3796531139138612e-08
1301223,0.00013373463803202518,0.00013371086202114,2.377601088517198e-08,2.377601088517198e-08
2044130,0.00018173477539151103,0.00018175842908127395,-2.3653689762919523e-08,2.3653689762919523e-08
0232422,2.626250311762416e-08,2.626145659043968e-09,2.3636357458580192e-08,2.3636357458580192e-08
0123242,8.641690524478164e-06,8.618175302414044e-06,2.3515222064120626e-08,2.3515222064120626e-08
0124232,8.641690524478176e-06,8.618175302414059e-06,2.3515222064117238e-08,2.3515222064117238e-08
0324132,2.9256626652711143e-05,2.9280052750779203e-05,-2.3426098068060023e-08,2.3426098068060023e-08
1323244,0.0001313600474334724,0.00013133669358914593,2.335384432646209e-08,2.335384432646209e-08
2213242,0.00017940367765907907,0.00017942702794481594,-2.33502857368683e-08,2.33502857368683e-08
1421241,0.00010024740919399217,0.00010027075363015913,-2.3344436166962152e-08,2.3344436166962152e-08
0042422,5.502981089365017e-05,5.500646662370375e-05,2.3344269946422758e-08,2.3344269946422758e-08
0421413,0.0003939025927061288,0.0003938792802734435,2.331243268533737e-08,2.331243268533737e-08
0121034,8.553972356961375e-06,8.530695828030526e-06,2.327652893084838e-08,2.327652893084838e-08
2121223,6.910840789607437e-05,6.913164452947158e-05,-2.323663339721298e-08,2.323663339721298e-08
2212441,0.00017833729160238236,0.00017836050309264157,-2.321149025920734e-08,2.321149025920734e-08
2124214,6.897697739918211e-05,6.90001698411074e-05,-2.3192441925292914e-08,2.3192441925292914e-08
2141232,6.891495824857582e-05,6.893812983752079e-05,-2.3171588944966796e-08,2.3171588944966796e-08
3120421,6.597446057389325e-05,6.595132086418583e-05,2.3139709707422208e-08,2.3139709707422208e-08
0320441,2.8836146022380043e-05,2.88592354370499e-05,-2.3089414669857976e-08,2.3089414669857976e-08
3124004,6.58063415538821e-05,6.578326080979988e-05,2.3080744082220076e-08,2.3080744082220076e-08
2324130,0.00013619695781554383,0.00013621993513727705,-2.297732173322034e-08,2.297732173322034e-08
2042141,0.0001758273548453633,0.0001758502396548028,-2.2884809439496258e-08,2.2884809439496258e-08
3232130,8.773411158555763e-05,8.775690940515481e-05,-2.2797819597178393e-08,2.2797819597178393e-08
1221221,0.0004239752183055356,0.0004239524401259717,2.277817956388567e-08,2.277817956388567e-08
2323210,0.00013448056625764177,0.0001345032540128408,-2.26877551990311e-08,2.26877551990311e-08
3244130,8.720246444729399e-05,8.722512411771141e-05,-2.2659670417419782e-08,2.2659670417419782e-08
1312121,0.00012725281570847064,0.00012723019206828306,2.262364018758116e-08,2.262364018758116e-08
4232400,0.00011942495995931172,0.00011944757655253183,-2.2616593220106543e-08,2.2616593220106543e-08
0322122,2.822507458106027e-05,2.824767470420374e-05,-2.260012314347142e-08,2.260012314347142e-08
0312321,2.8219567422305596e-05,2.8242163135807395e-05,-2.25957135017997e-08,2.25957135017997e-08
1321223,0.0001268296288796333,0.00012680708047571062,2.254840392269049e-08,2.254840392269049e-08
4132420,4.392130358372152e-05,4.3898760194432745e-05,2.254338928877296e-08,2.254338928877296e-08
0322323,2.8125721567641293e-05,2.814824213775006e-05,-2.2520570108765882e-08,2.2520570108765882e-08
0323223,2.8125721567641293e-05,2.814824213775006e-05,-2.2520570108765882e-08,2.2520570108765882e-08
1324214,0.00012658842405880471,0.00012656591853747807,2.2505521326643234e-08,2.2505521326643234e-08
4004121,7.088678782069377e-05,7.086429654733845e-05,2.2491273355323754e-08,2.2491273355323754e-08
2213120,0.00017266633127106148,0.00017268880465747674,-2.247338641526639e-08,2.247338641526639e-08
4122141,4.3733429175364995e-05,4.371098221595372e-05,2.244695941127576e-08,2.244695941127576e-08
2212320,0.00017246240567378695,0.00017248485251826598,-2.2446844479028557e-08,2.2446844479028557e-08
1424223,9.636116276097124e-05,9.638360221383207e-05,-2.2439452860827254e-08,2.2439452860827254e-08
0422132,0.0003786154066434136,0.00037859299895596886,2.2407687444751193e-08,2.2407687444751193e-08
2422103,5.624589978660677e-05,5.6223620738472397e-05,2.227904813437246e-08,2.227904813437246e-08
1342423,0.00012528157264319586,0.000125259299460431,2.2273182764869165e-08,2.2273182764869165e-08
1420420,9.554057436488266e-05,9.556282272878094e-05,-2.2248363898275656e-08,2.2248363898275656e-08
0342042,2.7501799772737084e-05,2.7523820761902105e-05,-2.202098916502041e-08,2.202098916502041e-08
0413012,0.0003713775231576533,0.00037135554383162234,2.1979326030974015e-08,2.1979326030974015e-08
4121413,4.281986339787571e-05,4.279788534232843e-05,2.1978055547276114e-08,2.1978055547276114e-08
3242141,8.436788515975313e-05,8.43898082611662e-05,-2.192310141307637e-08,2.192310141307637e-08
0124131,8.048335634469344e-06,8.026435012229398e-06,2.1900622239946313e-08,2.1900622239946313e-08
2324213,0.0001297494189985704,0.00012977130857813856,-2.1889579568162756e-08,2.1889579568162756e-08
3012141,6.233165769446705e-05,6.230979565191161e-05,2.1862042555440063e-08,2.1862042555440063e-08
0041232,5.138422007245025e-05,5.136242230347971e-05,2.1797768970538715e-08,2.1797768970538715e-08
0120423,7.97067311643434e-06,7.948983824529877e-06,2.1689291904463846e-08,2.1689291904463846e-08
4240044,0.0001139040380657099,0.00011392560911162792,-2.15710459180226e-08,2.15710459180226e-08
2042132,0.00016547318680947842,0.00016549472397217312,-2.153716269470132e-08,2.153716269470132e-08
3213124,8.285111961358156e-05,8.287264858155362e-05,-2.1528967972063765e-08,2.1528967972063765e-08
3232124,8.275326924560475e-05,8.277477278703524e-05,-2.150354143049492e-08,2.150354143049492e-08
3212324,8.275326924560462e-05,8.27747727870351e-05,-2.150354143048137e-08,2.150354143048137e-08
2324204,0.00012737559494714005,0.00012739708404699236,-2.1489099852312586e-08,2.1489099852312586e-08
2320424,0.0001273755949471401,0.00012739708404699225,-2.1489099852149956e-08,2.1489099852149956e-08
2212044,0.00016448960441321227,0.00016451101355774008,-2.1409144527806184e-08,2.1409144527806184e-08
3210323,8.229481220042861e-05,8.231619661121731e-05,-2.13844107887015e-08,2.13844107887015e-08
2134240,6.349863246015804e-05,6.35199828933197e-05,-2.1350433161660895e-08,2.1350433161660895e-08
2321212,0.00012619302470202913,0.00012621431429451043,-2.1289592481293917e-08,2.1289592481293917e-08
3120400,6.0696554224972905e-05,6.067526567433089e-05,2.1288550642017392e-08,2.1288550642017392e-08
1221322,0.0003955885943932892,0.00039556734129252396,2.1253100765232253e-08,2.1253100765232253e-08
2421424,5.360570676392536e-05,5.35844734984642e-05,2.1233265461158377e-08,2.1233265461158377e-08
1232321,0.00039504429456838433,0.00039502307071027026,2.1223858114071455e-08,2.1223858114071455e-08
4004210,6.677839259849858e-05,6.675720485493821e-05,2.118774356036821e-08,2.118774356036821e-08
4122132,4.1158043366567215e-05,4.1136918269671836e-05,2.112509689537913e-08,2.112509689537913e-08
3223210,8.121023749053496e-05,8.123134007321675e-05,-2.1102582681788618e-08,2.1102582681788618e-08
2132130,6.25694874784173e-05,6.259052550094809e-05,-2.103802253079442e-08,2.103802253079442e-08
0421421,0.00035487672604295987,0.00035485572328760706,2.1002755352808947e-08,2.1002755352808947e-08
2212122,0.0001610038785616064,0.00016102483402148434,-2.0955459877953662e-08,2.0955459877953662e-08
2130124,6.223038098535614e-05,6.225130498857295e-05,-2.0924003216811655e-08,2.0924003216811655e-08
2232131,0.00016062684712787553,0.00016064775351522717,-2.090638735163775e-08,2.090638735163775e-08
1241342,0.0003887475258502951,0.0003887266402877281,2.0885562567005567e-08,2.0885562567005567e-08
2232123,0.0001604371406257579,0.00016045802232185976,-2.0881696101860553e-08,2.0881696101860553e-08
4232040,0.00011015174809635018,0.00011017260853691497,-2.0860440564789444e-08,2.0860440564789444e-08
0413212,0.000352202496895705,0.0003521816524099045,2.0844485800505623e-08,2.0844485800505623e-08
4412213,2.2239439401985803e-05,2.22186310116763e-05,2.0808390309502473e-08,2.0808390309502473e-08
2321241,0.00012327296008757323,0.00012329375704596635,-2.07969583931216e-08,2.07969583931216e-08
3242132,7.939960669964322e-05,7.94202387876295e-05,-2.0632087986284628e-08,2.0632087986284628e-08
3213242,7.939960669964325e-05,7.94202387876295e-05,-2.0632087986257523e-08,2.0632087986257523e-08
3014242,5.881210104428331e-05,5.8791473441819847e-05,2.0627602463464483e-08,2.0627602463464483e-08
0242121,2.286552334595584e-08,2.2864612184073767e-09,2.0579062127548463e-08,2.0579062127548463e-08
3012132,5.866105445817666e-05,5.864047983339776e-05,2.0574624778901558e-08,2.0574624778901558e-08
3212441,7.892765074758856e-05,7.894816019722516e-05,-2.050944963660024e-08,2.050944963660024e-08
3221244,7.89276507475885e-05,7.894816019722508e-05,-2.0509449636573135e-08,2.0509449636573135e-08
0121301,7.509286415040671e-06,7.488852619466448e-06,2.0433795574222833e-08,2.0433795574222833e-08
0122130,7.509286415040662e-06,7.4888526194664405e-06,2.043379557422114e-08,2.043379557422114e-08
0413241,0.0003440526482750174,0.0003440322861236845,2.0362151332891862e-08,2.0362151332891862e-08
4214210,0.0001071732822632192,0.00010719357864456055,-2.029638134134744e-08,2.029638134134744e-08
1223214,0.0003776190178195484,0.0003775987301389877,2.0287680560678034e-08,2.0287680560678034e-08
2214240,0.00015470301073010383,0.00015472314610052654,-2.013537042270608e-08,2.013537042270608e-08
4210321,0.0001058061352741297,0.0001058261727463842,-2.0037472254496344e-08,2.0037472254496344e-08
0423214,0.0003379442998611255,0.00033792429922165844,2.0000639467038835e-08,2.0000639467038835e-08
2324223,0.00011849409243124097,0.00011851408316325852,-1.999073201754424e-08,1.999073201754424e-08
3424130,5.692374472641515e-05,5.690377944110655e-05,1.9965285308602037e-08,1.9965285308602037e-08
3213120,7.641782471842651e-05,7.643768198660268e-05,-1.9857268176165922e-08,1.9857268176165922e-08
2132124,5.9017291567506014e-05,5.903713521909634e-05,-1.984365159032718e-08,1.984365159032718e-08
2121324,5.901729156750594e-05,5.903713521909623e-05,-1.9843651590293297e-08,1.9843651590293297e-08
4221031,0.00010477200432491089,0.00010479184595436149,-1.984162945059477e-08,1.984162945059477e-08
4210312,0.00010477200432491089,0.00010479184595436149,-1.984162945059477e-08,1.984162945059477e-08
3232120,7.632757231986437e-05,7.634740613584089e-05,-1.9833815976524546e-08,1.9833815976524546e-08
3212320,7.632757231986444e-05,7.634740613584095e-05,-1.9833815976510994e-08,1.9833815976510994e-08
2320420,0.00011748502534998011,0.00011750484584575049,-1.9820495770380407e-08,1.9820495770380407e-08
4121421,3.8577488987440396e-05,3.855768840592145e-05,1.980058151894627e-08,1.980058151894627e-08
3221412,7.599223381317362e-05,7.601198049101593e-05,-1.9746677842319015e-08,1.9746677842319015e-08
3423210,5.6206376024061914e-05,5.618666234677537e-05,1.971367728654654e-08,1.971367728654654e-08
2421321,4.9722256766413506e-05,4.970256173875729e-05,1.9695027656217452e-08,1.9695027656217452e-08
2232422,0.00015118116483153396,0.00015120084181610255,-1.9676984568583935e-08,1.9676984568583935e-08
2421420,4.94432848041019e-05,4.942370027747422e-05,1.9584526627676587e-08,1.9584526627676587e-08
2422131,4.923627998960442e-05,4.921677745775758e-05,1.9502531846838506e-08,1.9502531846838506e-08
2421312,4.923627998960441e-05,4.921677745775758e-05,1.950253184683173e-08,1.950253184683173e-08
2423212,4.9178130043806936e-05,4.915865054520246e-05,1.947949860447865e-08,1.947949860447865e-08
2422123,4.9178130043806916e-05,4.915865054520246e-05,1.947949860445832e-08,1.947949860445832e-08
2421232,4.917813004380691e-05,4.915865054520246e-05,1.9479498604451544e-08,1.9479498604451544e-08
4131240,3.771556018585178e-05,3.769620200460171e-05,1.9358181250068692e-08,1.9358181250068692e-08
1342130,0.00010886471910092965,0.00010884536458825851,1.9354512671132507e-08,1.9354512671132507e-08
2130120,5.739826291400279e-05,5.7417562192246596e-05,-1.929927824380329e-08,1.929927824380329e-08
0122124,7.082969090536922e-06,7.063695362721106e-06,1.9273727815816455e-08,1.9273727815816455e-08
1321324,0.00010831013786693061,0.000108290881950477,1.9255916453611273e-08,1.9255916453611273e-08
0121032,7.043729105096791e-06,7.024562154649212e-06,1.9166950447579336e-08,1.9166950447579336e-08
4221242,0.00010096664448982202,0.00010098576546359513,-1.9120973773114193e-08,1.9120973773114193e-08
4242212,0.00010096664448982191,0.00010098576546359486,-1.9120973772951562e-08,1.9120973772951562e-08
1031213,4.2103705810235324e-05,4.212281018011155e-05,-1.9104369876227234e-08,1.9104369876227234e-08
2423241,4.8040164473323776e-05,4.802113572383728e-05,1.9028749486496067e-08,1.9028749486496067e-08
3424213,5.422898516924418e-05,5.4209965036853016e-05,1.9020132391163967e-08,1.9020132391163967e-08
4412232,2.0310242685147772e-05,2.029123935284995e-05,1.900333229782098e-08,1.900333229782098e-08
3212044,7.279900873273992e-05,7.281792564701605e-05,-1.891691427612606e-08,1.891691427612606e-08
0422322,0.00031905431898831215,0.0003190354363191644,1.8882669147745907e-08,1.8882669147745907e-08
4123214,3.673682028018543e-05,3.671796445457843e-05,1.8855825607002545e-08,1.8855825607002545e-08
1031204,4.133339955161699e-05,4.1352154398443005e-05,-1.875484682601513e-08,1.875484682601513e-08
1312103,0.00010547817023582699,0.00010545941780070183,1.8752435125164442e-08,1.8752435125164442e-08
1312210,0.00010547817023582685,0.00010545941780070172,1.8752435125137337e-08,1.8752435125137337e-08
0301221,2.3372767763957308e-05,2.339148259243908e-05,-1.871482848177236e-08,1.871482848177236e-08
3420424,5.323684146430141e-05,5.321816931379778e-05,1.8672150503630026e-08,1.8672150503630026e-08
3424204,5.3236841464301426e-05,5.3218169313797816e-05,1.8672150503609697e-08,1.8672150503609697e-08
0301423,2.3202644621479892e-05,2.3221223230517547e-05,-1.857860903765478e-08,1.857860903765478e-08
0232421,2.0624716031676994e-08,2.062389416310252e-09,1.8562326615366742e-08,1.8562326615366742e-08
3212122,7.12563131464977e-05,7.127482918937905e-05,-1.8516042881344848e-08,1.8516042881344848e-08
3421212,5.2742584266244765e-05,5.272408547021785e-05,1.849879602691467e-08,1.849879602691467e-08
0042421,4.3216528823437407e-05,4.319819588173513e-05,1.8332941702276135e-08,1.8332941702276135e-08
2132120,5.443466622293706e-05,5.445296903762536e-05,-1.8302814688301238e-08,1.8302814688301238e-08
2121320,5.443466622293713e-05,5.445296903762539e-05,-1.830281468826058e-08,1.830281468826058e-08
4242413,9.65699803877722e-05,9.658826872518862e-05,-1.828833741641478e-08,1.828833741641478e-08
1342124,0.00010268424958427878,0.00010266599386630048,1.8255717978299e-08,1.8255717978299e-08
0342324,2.2771245478692538e-05,2.2789478661760718e-05,-1.8233183068180095e-08,1.8233183068180095e-08
3124232,5.1838913144097724e-05,5.182073129931615e-05,1.818184478157497e-08,1.818184478157497e-08
3123242,5.1838913144097636e-05,5.182073129931607e-05,1.8181844781568193e-08,1.8181844781568193e-08
0121213,6.654736015425047e-06,6.636627568387093e-06,1.810844703795356e-08,1.810844703795356e-08
0241221,2.0118966551414785e-08,2.011816483631072e-09,1.8107150067783712e-08,1.8107150067783712e-08
3421241,5.1522138410743024e-05,5.15040676707027e-05,1.8070740040323043e-08,1.8070740040323043e-08
3121034,5.13127181300339e-05,5.129472084151489e-05,1.799728851900926e-08,1.799728851900926e-08
1221424,0.00033493136291787117,0.0003349133686427417,1.7994275129456453e-08,1.7994275129456453e-08
1032042,3.961148241887639e-05,3.9629455953436224e-05,-1.7973534559834995e-08,1.7973534559834995e-08
4232423,9.407695338144643e-05,9.409476959161516e-05,-1.781621016873087e-08,1.781621016873087e-08
4242323,9.407695338144651e-05,9.40947695916151e-05,-1.781621016858179e-08,1.781621016858179e-08
4122322,3.468335220066503e-05,3.4665550354027875e-05,1.7801846637153628e-08,1.7801846637153628e-08
3214240,6.846770572096636e-05,6.84854971406895e-05,-1.779141972314206e-08,1.779141972314206e-08
0121204,6.53298462315476e-06,6.515207478310262e-06,1.7777144844497944e-08,1.7777144844497944e-08
0122120,6.532984623154753e-06,6.5152074783102564e-06,1.777714484449625e-08,1.777714484449625e-08
4412322,1.8991176027273315e-05,1.897340688318345e-05,1.7769144089865906e-08,1.7769144089865906e-08
1321320,9.98999792561275e-05,9.98822185396133e-05,1.776071651419164e-08,1.776071651419164e-08
0321221,2.2165981117642057e-05,2.218372965897597e-05,-1.7748541333914428e-08,1.7748541333914428e-08
0322121,2.216598111764206e-05,2.218372965897597e-05,-1.774854133391104e-08,1.774854133391104e-08
4212042,9.312669975996432e-05,9.314433601194325e-05,-1.7636251978928627e-08,1.7636251978928627e-08
4204212,9.312669975996437e-05,9.314433601194322e-05,-1.7636251978847312e-08,1.7636251978847312e-08
0312212,2.1949334634579757e-05,2.19669097047265e-05,-1.757507014674172e-08,1.757507014674172e-08
1031223,3.845135066100578e-05,3.846879779092304e-05,-1.744712991725558e-08,1.744712991725558e-08
0342441,2.171854872459083e-05,2.1735939001957967e-05,-1.7390277367135656e-08,1.7390277367135656e-08
3424223,4.952480273663204e-05,4.9507432536880796e-05,1.7370199751242028e-08,1.7370199751242028e-08
4242041,9.097177890540656e-05,9.098900706038108e-05,-1.7228154974523982e-08,1.7228154974523982e-08
4204241,9.09717789054065e-05,9.098900706038097e-05,-1.7228154974469772e-08,1.7228154974469772e-08
3420420,4.9103061474075214e-05,4.908583919475114e-05,1.7222279324073588e-08,1.7222279324073588e-08
0123244,6.294549952278882e-06,6.2774216207906946e-06,1.7128331488187203e-08,1.7128331488187203e-08
0232400,1.8974754535343928e-08,1.897399841562634e-09,1.7077354693781293e-08,1.7077354693781293e-08
0242103,1.8952928865176087e-08,1.8952173615183572e-09,1.705771150365773e-08,1.705771150365773e-08
0242210,1.8952928865176087e-08,1.8952173615183572e-09,1.705771150365773e-08,1.705771150365773e-08
4242134,8.984590144806571e-05,8.986291638536379e-05,-1.7014937298085592e-08,1.7014937298085592e-08
0441324,0.0002873958661881429,0.0002873788571688863,1.7009019256583862e-08,1.7009019256583862e-08
2213244,0.00013067644663377988,0.00013069345482674322,-1.7008192963339965e-08,1.7008192963339965e-08
3124131,4.8279554877371206e-05,4.826262143259654e-05,1.6933444774662855e-08,1.6933444774662855e-08
2420422,4.274261358168957e-05,4.272568319655952e-05,1.6930385130050263e-08,1.6930385130050263e-08
1214213,0.0003146815657409562,0.00031466465939148015,1.690634947602897e-08,1.690634947602897e-08
0042400,3.975923959558462e-05,3.9742373275186416e-05,1.686632039820502e-08,1.686632039820502e-08
1342120,9.471093477882527e-05,9.469409659651616e-05,1.683818230911727e-08,1.683818230911727e-08
0342320,2.100308425193253e-05,2.1019901649141674e-05,-1.6817397209144182e-08,1.6817397209144182e-08
0312413,2.0993535299667152e-05,2.1010345050926698e-05,-1.6809751259546035e-08,1.6809751259546035e-08
3120423,4.781368069273514e-05,4.779691064745326e-05,1.6770045281880774e-08,1.6770045281880774e-08
0400422,0.00028224058603594715,0.0002822238821228861,1.670391306106715e-08,1.670391306106715e-08
1213221,0.0003106673567325194,0.00031065066604747253,1.6690685046842797e-08,1.6690685046842797e-08
1221321,0.0003106673567325192,0.0003106506660474726,1.6690685046625957e-08,1.6690685046625957e-08
1214204,0.0003089243247832463,0.0003089077277430474,1.6597040198890363e-08,1.6597040198890363e-08
1221420,0.0003089243247832459,0.00030890772774304706,1.6597040198836153e-08,1.6597040198836153e-08
0321322,2.0681891146187595e-05,2.0698451360595584e-05,-1.6560214407989373e-08,1.6560214407989373e-08
0121223,6.077460004086579e-06,6.060922404044416e-06,1.6537600042162538e-08,1.6537600042162538e-08
1221312,0.00030763094747631966,0.0003076144199231551,1.652755316454554e-08,1.652755316454554e-08
1232212,0.00030726762346148433,0.00030725111542799765,1.650803348667929e-08,1.650803348667929e-08
1221232,0.0003072676234614842,0.00030725111542799765,1.650803348657087e-08,1.650803348657087e-08
0124214,6.065901879503805e-06,6.049395730699746e-06,1.650614880405919e-08,1.650614880405919e-08
1030141,3.631537976992872e-05,3.633185771252236e-05,-1.647794259363838e-08,1.647794259363838e-08
2212121,0.0001264410806715269,0.00012645753761043172,-1.6456938904826045e-08,1.6456938904826045e-08
1312131,9.233300102275141e-05,9.231658560136416e-05,1.6415421387252767e-08,1.6415421387252767e-08
1312123,9.222395218709756e-05,9.220755615295616e-05,1.6396034141402172e-08,1.6396034141402172e-08
0312323,2.045157132442178e-05,2.0467947119252115e-05,-1.637579483033415e-08,1.637579483033415e-08
4004123,5.13737923540298e-05,5.135749225012252e-05,1.6300103907275e-08,1.6300103907275e-08
2141214,4.8373796027740204e-05,4.839006096855636e-05,-1.626494081615398e-08,1.626494081615398e-08
0342044,2.0032128199536396e-05,2.004816814171035e-05,-1.603994217395577e-08,1.603994217395577e-08
0312041,1.9776531423692698e-05,1.979236670675789e-05,-1.5835283065190306e-08,1.5835283065190306e-08
3121301,4.5045960063115345e-05,4.503016076092642e-05,1.5799302188922366e-08,1.5799302188922366e-08
3122130,4.5045960063115284e-05,4.5030160760926375e-05,1.5799302188908813e-08,1.5799302188908813e-08
1232413,0.0002938874369987024,0.00029387164781923523,1.5789179467183296e-08,1.5789179467183296e-08
0232040,1.7501386498093714e-08,1.7500689090209402e-09,1.5751317589072774e-08,1.5751317589072774e-08
0342122,1.9607624125999923e-05,1.9623324163161078e-05,-1.5700037161155367e-08,1.5700037161155367e-08
0441320,0.0002650799051310071,0.0002650642168426866,1.5688288320454997e-08,1.5688288320454997e-08
0312134,1.9531774740002047e-05,1.9547414043737702e-05,-1.563930373565432e-08,1.563930373565432e-08
1241340,0.00029083618497287777,0.0002908205597227242,1.5625250153591865e-08,1.5625250153591865e-08
0421342,0.00026301962676683925,0.0002630040604124728,1.5566354366418865e-08,1.5566354366418865e-08
0042040,3.667198001094063e-05,3.665642334107496e-05,1.555666986567249e-08,1.555666986567249e-08
2142412,4.618887700846021e-05,4.620440730404573e-05,-1.5530295585518717e-08,1.5530295585518717e-08
4232130,8.174914225343309e-05,8.176462383364098e-05,-1.5481580207887076e-08,1.5481580207887076e-08
2232421,0.00011872701471079788,0.00011874246762544468,-1.545291464680556e-08,1.545291464680556e-08
1312422,8.690334708430144e-05,8.688789697386912e-05,1.5450110432316906e-08,1.5450110432316906e-08
1214223,0.0002873839962067757,0.00028736855642636704,1.543978040866945e-08,1.543978040866945e-08
2210301,0.00011826363476670422,0.00011827902737013406,-1.539260342983391e-08,1.539260342983391e-08
4244130,8.125376255733668e-05,8.126915032297602e-05,-1.5387765639333136e-08,1.5387765639333136e-08
1232323,0.00028630051076846406,0.0002862851291985944,1.5381569869632895e-08,1.5381569869632895e-08
0044122,3.610406010352611e-05,3.60887443517267e-05,1.5315751799414184e-08,1.5315751799414184e-08
0041214,3.606836373408947e-05,3.6053063125094855e-05,1.5300608994618453e-08,1.5300608994618453e-08
0421423,0.00025718986281512274,0.0002571746414850904,1.5221330032337554e-08,1.5221330032337554e-08
2413210,3.8338945781282255e-05,3.83237596926656e-05,1.5186088616655883e-08,1.5186088616655883e-08
1423240,6.50996760964178e-05,6.511483574239106e-05,-1.5159645973258982e-08,1.5159645973258982e-08
2103124,4.4824186635295614e-05,4.4839258074848054e-05,-1.507143955244031e-08,1.507143955244031e-08
3213244,5.783414589385348e-05,5.784917416963831e-05,-1.5028275784829427e-08,1.5028275784829427e-08
3014244,4.2838343582556e-05,4.282331857399611e-05,1.5025008559892106e-08,1.5025008559892106e-08
2422324,3.784861546279173e-05,3.783362359442599e-05,1.4991868365737395e-08,1.4991868365737395e-08
0242131,1.6590928685811e-08,1.6590267558506907e-09,1.4931901929960308e-08,1.4931901929960308e-08
0242123,1.6571334159091817e-08,1.6570673812604564e-09,1.491426677783136e-08,1.491426677783136e-08
1413210,6.401855929724886e-05,6.403346718547282e-05,-1.4907888223954116e-08,1.4907888223954116e-08
3122124,4.248861012166873e-05,4.2473707777708124e-05,1.490234396060925e-08,1.490234396060925e-08
4242141,7.861255013473368e-05,7.862743770990216e-05,-1.4887575168476535e-08,1.4887575168476535e-08
1032324,3.279795494800001e-05,3.2812836874672585e-05,-1.4881926672577549e-08,1.4881926672577549e-08
1232041,0.0002768506613998221,0.0002768357875255829,1.4873874239196543e-08,1.4873874239196543e-08
0422321,0.0002505627395203647,0.0002505479104049776,1.4829115387135668e-08,1.4829115387135668e-08
3121032,4.2253221201960866e-05,4.223840141769409e-05,1.481978426677306e-08,1.481978426677306e-08
1213422,0.00027481069873243547,0.0002747959344557241,1.476427671136607e-08,1.476427671136607e-08
0322103,1.837308759538233e-05,1.838779912576248e-05,-1.4711530380147694e-08,1.4711530380147694e-08
1232134,0.000273424324985712,0.0002734096351922932,1.4689793418785554e-08,1.4689793418785554e-08
4121342,2.859200395646718e-05,2.8577328602523976e-05,1.4675353943203269e-08,1.4675353943203269e-08
4213124,7.71992539816385e-05,7.721387390803247e-05,-1.4619926393968051e-08,1.4619926393968051e-08
4232124,7.710807868497543e-05,7.71226813446724e-05,-1.4602659696971157e-08,1.4602659696971157e-08
4212324,7.710807868497529e-05,7.712268134467226e-05,-1.4602659696971157e-08,1.4602659696971157e-08
1244134,0.0002717674408242017,0.00027175284004731794,1.4600776883757008e-08,1.4600776883757008e-08
3212121,5.5959678235108e-05,5.597421942810653e-05,-1.4541192998527284e-08,1.4541192998527284e-08
2042042,0.0001117094038694547,0.00011172394340695953,-1.453953750483268e-08,1.453953750483268e-08
4210323,7.668089626384102e-05,7.669541802410906e-05,-1.4521760268037414e-08,1.4521760268037414e-08
2103242,4.2956846039899014e-05,4.297128961505457e-05,-1.4443575155559732e-08,1.4443575155559732e-08
2424221,3.6392898467196895e-05,3.637848320955544e-05,1.4415257641454656e-08,1.4415257641454656e-08
4121423,2.7958269371631384e-05,2.7943919293221624e-05,1.4350078409759584e-08,1.4350078409759584e-08
4223210,7.567030812838016e-05,7.568463850436149e-05,-1.4330375981323014e-08,1.4330375981323014e-08
2124130,4.260127132031711e-05,4.261559533897217e-05,-1.432401865505685e-08,1.432401865505685e-08
2421323,3.603521859324223e-05,3.602094501289922e-05,1.4273580343008001e-08,1.4273580343008001e-08
2232400,0.00010922894440784124,0.00010924316110114387,-1.4216693302628036e-08,1.4216693302628036e-08
1032441,3.128173130765321e-05,3.129592525456998e-05,-1.4193946916771357e-08,1.4193946916771357e-08
2131210,4.2114136790821926e-05,4.212829701802492e-05,-1.416022720299615e-08,1.416022720299615e-08
0142424,5.2034013558535525e-06,5.189242188960776e-06,1.4159166892776228e-08,1.4159166892776228e-08
2123210,4.206439837085574e-05,4.2078541874284266e-05,-1.4143503428524498e-08,1.4143503428524498e-08
0121324,5.190037507308971e-06,5.175914705276216e-06,1.4122802032754681e-08,1.4122802032754681e-08
0242422,1.5615297001758404e-08,1.5614674752129992e-09,1.4053829526545405e-08,1.4053829526545405e-08
0321424,1.7510651438107227e-05,1.7524672406508457e-05,-1.4020968401230223e-08,1.4020968401230223e-08
4213242,7.398319337428917e-05,7.399720424597166e-05,-1.4010871682491226e-08,1.4010871682491226e-08
4242132,7.398319337428918e-05,7.399720424597159e-05,-1.4010871682409911e-08,1.4010871682409911e-08
3121213,3.991976816611922e-05,3.990576681106575e-05,1.4001355053469946e-08,1.4001355053469946e-08
4122321,2.723785645875132e-05,2.7223876145066596e-05,1.39803136847256e-08,1.39803136847256e-08
4412321,1.4914329030855076e-05,1.4900374399442453e-05,1.3954631412622419e-08,1.3954631412622419e-08
3242042,5.360193335793207e-05,5.3615861887949324e-05,-1.3928530017253142e-08,1.3928530017253142e-08
3204242,5.36019333579321e-05,5.3615861887949324e-05,-1.3928530017226037e-08,1.3928530017226037e-08
4221244,7.354343290296727e-05,7.35573604932009e-05,-1.3927590233628957e-08,1.3927590233628957e-08
4212441,7.354343290296727e-05,7.35573604932009e-05,-1.3927590233628957e-08,1.3927590233628957e-08
2103120,4.1343639692716306e-05,4.1357540852185795e-05,-1.3901159469489671e-08,1.3901159469489671e-08
1324130,7.818301124056564e-05,7.816911147492787e-05,1.389976563777079e-08,1.389976563777079e-08
3012042,3.9601530315733095e-05,3.9587640578590794e-05,1.3889737142301032e-08,1.3889737142301032e-08
2422320,3.490971366181302e-05,3.489588589491842e-05,1.3827766894601373e-08,1.3827766894601373e-08
3121204,3.918941803020601e-05,3.9175672836248634e-05,1.3745193957377948e-08,1.3745193957377948e-08
3122120,3.918941803020597e-05,3.91756728362486e-05,1.3745193957371172e-08,1.3745193957371172e-08
1032320,3.0251231172599173e-05,3.0264957534647655e-05,-1.3726362048482567e-08,1.3726362048482567e-08
1323210,7.719772740884888e-05,7.718400281188432e-05,1.3724596964557328e-08,1.3724596964557328e-08
0312141,1.7089734714902712e-05,1.7103418650721446e-05,-1.3683935818733822e-08,1.3683935818733822e-08
2421214,3.451983273622546e-05,3.450615940149286e-05,1.3673334732603468e-08,1.3673334732603468e-08
2124213,4.0584535007732496e-05,4.059818092999122e-05,-1.3645922258721658e-08,1.3645922258721658e-08
2212210,0.00010480533383581123,0.00010481897477407809,-1.3640938266857965e-08,1.3640938266857965e-08
2212103,0.00010480533383581134,0.00010481897477407819,-1.3640938266844412e-08,1.3640938266844412e-08
3210301,5.2340544017110714e-05,5.235414477351611e-05,-1.3600756405398391e-08,1.3600756405398391e-08
3221030,5.2340544017110674e-05,5.235414477351606e-05,-1.3600756405384839e-08,1.3600756405384839e-08
1301212,7.638419769112196e-05,7.637061772752774e-05,1.3579963594213536e-08,1.3579963594213536e-08
0424134,0.0002293921709815273,0.00022937859480903257,1.3576172494739799e-08,1.3576172494739799e-08
0301232,1.6938949482120202e-05,1.6952512682568738e-05,-1.35632004485358e-08,1.35632004485358e-08
1034242,2.983421953474464e-05,2.984775667961092e-05,-1.3537144866280094e-08,1.3537144866280094e-08
1030122,2.977886478569516e-05,2.9792376813589455e-05,-1.3512027894294488e-08,1.3512027894294488e-08
2323240,8.005224112693173e-05,8.00657464660329e-05,-1.3505339101159398e-08,1.3505339101159398e-08
4213120,7.120482000336263e-05,7.12183047091552e-05,-1.3484705792566882e-08,1.3484705792566882e-08
4232120,7.112072436444374e-05,7.113419314427863e-05,-1.3468779834897816e-08,1.3468779834897816e-08
4212320,7.11207243644438e-05,7.113419314427867e-05,-1.3468779834870711e-08,1.3468779834870711e-08
0232423,1.4947353538608026e-08,1.4946757905672965e-09,1.345267774804073e-08,1.345267774804073e-08
4221412,7.080826168839806e-05,7.082167129432783e-05,-1.3409605929769176e-08,1.3409605929769176e-08
2124204,3.98420226630835e-05,3.985541892704925e-05,-1.3396263965747418e-08,1.3396263965747418e-08
2120424,3.984202266308343e-05,3.985541892704913e-05,-1.3396263965699984e-08,1.3396263965699984e-08
3014130,3.80415199236629e-05,3.802817734048431e-05,1.334258317858963e-08,1.334258317858963e-08
1421031,5.711221128186253e-05,5.7125510901087955e-05,-1.329961922542759e-08,1.329961922542759e-08
2420421,3.356703142978236e-05,3.355373550044729e-05,1.3295929335067913e-08,1.3295929335067913e-08
0042423,3.132032140676408e-05,3.130703497117846e-05,1.3286435585619489e-08,1.3286435585619489e-08
2121212,3.947212456348323e-05,3.948539645493339e-05,-1.327189145015835e-08,1.327189145015835e-08
1301241,7.46166927651713e-05,7.460342703741742e-05,1.3265727753875652e-08,1.3265727753875652e-08
2400424,3.34814944450223e-05,3.3468232396958637e-05,1.3262048063662909e-08,1.3262048063662909e-08
2424004,3.34814944450223e-05,3.346823239695866e-05,1.326204806364258e-08,1.326204806364258e-08
3123244,3.775911985428023e-05,3.7745876319363285e-05,1.3243534916945233e-08,1.3243534916945233e-08
1324213,7.448184193483033e-05,7.44686001815296e-05,1.3241753300729186e-08,1.3241753300729186e-08
0241232,1.4580821642031324e-08,1.458024061492391e-09,1.3122797580538933e-08,1.3122797580538933e-08
0400421,0.00022165183240660253,0.00022163871433244337,1.3118074159161781e-08,1.3118074159161781e-08
2232040,0.00010074744151760238,0.00010076055430089306,-1.3112783290683311e-08,1.3112783290683311e-08
1032044,2.8852740567736354e-05,2.8865832370872043e-05,-1.3091803135688692e-08,1.3091803135688692e-08
0142420,4.79936317826244e-06,4.786303454521624e-06,1.3059723740815479e-08,1.3059723740815479e-08
0121320,4.787037017307631e-06,4.774010834736949e-06,1.3026182570682544e-08,1.3026182570682544e-08
0321321,1.6242097334656602e-05,1.625510255803759e-05,-1.3005223380987497e-08,1.3005223380987497e-08
1320424,7.311916309476804e-05,7.310616360530709e-05,1.2999489460948418e-08,1.2999489460948418e-08
1324204,7.311916309476801e-05,7.310616360530715e-05,1.2999489460867103e-08,1.2999489460867103e-08
2121241,3.855875273118598e-05,3.85717175154828e-05,-1.2964784296817995e-08,1.2964784296817995e-08
0321420,1.6150969335644175e-05,1.616390159184864e-05,-1.2932256204466582e-08,1.2932256204466582e-08
1321212,7.244031604671953e-05,7.242743724607226e-05,1.2878800647269208e-08,1.2878800647269208e-08
0321312,1.6083349871756887e-05,1.609622798432371e-05,-1.2878112566823993e-08,1.2878112566823993e-08
0322131,1.6083349871756876e-05,1.6096227984323694e-05,-1.2878112566817217e-08,1.2878112566817217e-08
0312132,1.608334987175688e-05,1.6096227984323683e-05,-1.2878112566803664e-08,1.2878112566803664e-08
0321232,1.60643548151953e-05,1.607721771821445e-05,-1.2862903019152387e-08,1.2862903019152387e-08
0322123,1.606435481519529e-05,1.6077217718214434e-05,-1.2862903019145611e-08,1.2862903019145611e-08
0323212,1.6064354815195302e-05,1.6077217718214444e-05,-1.2862903019142223e-08,1.2862903019142223e-08
1232141,0.00023923833040308105,0.0002392254772611682,1.2853141912854684e-08,1.2853141912854684e-08
4212044,6.783286925972977e-05,6.784571538847484e-05,-1.2846128745071087e-08,1.2846128745071087e-08
1421242,5.50378736159424e-05,5.5050690187839115e-05,-1.281657189671501e-08,1.281657189671501e-08
1424212,5.503787361594233e-05,5.505069018783895e-05,-1.2816571896620142e-08,1.2816571896620142e-08
1032122,2.8241317468717926e-05,2.8254131841332696e-05,-1.2814372614769893e-08,1.2814372614769893e-08
4124134,2.493647314806904e-05,2.492367406025065e-05,1.2799087818392095e-08,1.2799087818392095e-08
3121223,3.645686227667774e-05,3.644407549217673e-05,1.278678450100689e-08,1.278678450100689e-08
3124214,3.638752854913243e-05,3.63747660825617e-05,1.276246657072838e-08,1.276246657072838e-08
4004240,3.975117100654056e-05,3.973855857930564e-05,1.2612427234921168e-08,1.2612427234921168e-08
1321241,7.076407123011813e-05,7.075149044063384e-05,1.2580789484294662e-08,1.2580789484294662e-08
4212122,6.639541193948922e-05,6.640798584383912e-05,-1.2573904349891404e-08,1.2573904349891404e-08
0141221,4.619319387158955e-06,4.60674958720297e-06,1.256979995598502e-08,1.256979995598502e-08
0323241,1.5692630988457005e-05,1.5705196248179026e-05,-1.2565259722021016e-08,1.2565259722021016e-08
3223240,4.834201471990218e-05,4.8354576453424394e-05,-1.2561733522211576e-08,1.2561733522211576e-08
1424241,5.37643155283991e-05,5.377683552908526e-05,-1.2520000686159377e-08,1.2520000686159377e-08
2124223,3.70639628262087e-05,3.707642501051684e-05,-1.2462184308138227e-08,1.2462184308138227e-08
2120420,3.674833506771334e-05,3.6760691127068865e-05,-1.2356059355521788e-08,1.2356059355521788e-08
0342121,1.539844385142492e-05,1.5410773552317684e-05,-1.2329700892763014e-08,1.2329700892763014e-08
2400420,3.0881694607676354e-05,3.0869462342511314e-05,1.2232265165040249e-08,1.2232265165040249e-08
2420400,3.088169460767636e-05,3.086946234251135e-05,1.2232265165013144e-08,1.2232265165013144e-08
1312421,6.824775413784423e-05,6.823562071176154e-05,1.2133426082681616e-08,1.2133426082681616e-08
1213232,0.00022514999997351503,0.0002251379037308414,1.2096242673633427e-08,1.2096242673633427e-08
1221323,0.00022514999997351475,0.00022513790373084118,1.2096242673579217e-08,1.2096242673579217e-08
1232132,0.000225149999973515,0.00022513790373084158,1.2096242673416586e-08,1.2096242673416586e-08
1324223,6.80207921607118e-05,6.800869908506119e-05,1.2093075650606677e-08,1.2093075650606677e-08
4214240,6.37970353103895e-05,6.380911713647299e-05,-1.2081826083492242e-08,1.2081826083492242e-08
0400400,0.0002039198554668539,0.0002039077868285868,1.206863826710698e-08,1.206863826710698e-08
3212210,4.638423467773933e-05,4.6396287679647296e-05,-1.2053001907969701e-08,1.2053001907969701e-08
3212103,4.638423467773938e-05,4.6396287679647344e-05,-1.2053001907962925e-08,1.2053001907962925e-08
3221210,4.6384234677739354e-05,4.6396287679647296e-05,-1.2053001907942596e-08,1.2053001907942596e-08
2042324,9.249439232378628e-05,9.250643093145579e-05,-1.2038607669510111e-08,1.2038607669510111e-08
2412214,3.0373385715809026e-05,3.0361354792222903e-05,1.203092358612276e-08,1.203092358612276e-08
0044121,2.835358015535532e-05,2.834155224505826e-05,1.2027910297058555e-08,1.2027910297058555e-08
1244132,0.00022378564634865136,0.00022377362340623332,1.2022942418038344e-08,1.2022942418038344e-08
1320420,6.74415435179958e-05,6.742955342405762e-05,1.1990093938174973e-08,1.1990093938174973e-08
2212131,9.17440165544781e-05,9.175595749698916e-05,-1.1940942511051733e-08,1.1940942511051733e-08
1223213,0.0002221827169896363,0.0002221707801650176,1.1936824618704635e-08,1.1936824618704635e-08
2212123,9.163566333219947e-05,9.164759017199683e-05,-1.1926839797358167e-08,1.1926839797358167e-08
2321031,7.023015755188233e-05,7.024200584094349e-05,-1.1848289061157239e-08,1.1848289061157239e-08
1412214,5.071762811629138e-05,5.0729438640290114e-05,-1.1810523998731243e-08,1.1810523998731243e-08
0423213,0.00019883898636213832,0.00019882721842618,1.1767935958323632e-08,1.1767935958323632e-08
3423240,3.345796713652313e-05,3.3446232176658255e-05,1.1734959864876228e-08,1.1734959864876228e-08
1223204,0.00021811778412540554,0.00021810606569036886,1.1718435036678528e-08,1.1718435036678528e-08
0424413,0.00019763407100864357,0.00019762237438348244,1.1696625161131255e-08,1.1696625161131255e-08
0232130,1.2988657549161327e-08,1.2988139967758132e-09,1.1689843552385514e-08,1.1689843552385514e-08
0413124,0.00019710308632429714,0.00019709142112453193,1.1665199765208611e-08,1.1665199765208611e-08
0421340,0.00019677456378543195,0.00019676291802869564,1.1645756736315986e-08,1.1645756736315986e-08
2040040,8.912280838483821e-05,8.913440816399878e-05,-1.1599779160565435e-08,1.1599779160565435e-08
1213421,0.00021581692340741216,0.00021580532858671967,1.159482069249462e-08,1.159482069249462e-08
1221214,0.00021568178695895084,0.00021567019939849945,1.1587560451393813e-08,1.1587560451393813e-08
1212214,0.00021568178695895084,0.00021567019939849948,1.1587560451366708e-08,1.1587560451366708e-08
0423204,0.00019520113756226298,0.00019518958492599262,1.1552636270360794e-08,1.1552636270360794e-08
0042130,2.7216117423821207e-05,2.7204572038116317e-05,1.154538570489024e-08,1.154538570489024e-08
3242324,4.4381923827253304e-05,4.439345652616035e-05,-1.1532698907043158e-08,1.1532698907043158e-08
3232424,4.4381923827253324e-05,4.439345652616031e-05,-1.1532698906988948e-08,1.1532698906988948e-08
3012324,3.2789714695159215e-05,3.277821411640743e-05,1.150057875178663e-08,1.150057875178663e-08
2042441,8.821844937358754e-05,8.822993144590051e-05,-1.1482072312973585e-08,1.1482072312973585e-08
2321242,6.76793709893659e-05,6.769078894397284e-05,-1.1417954606942433e-08,1.1417954606942433e-08
2324212,6.767937098936577e-05,6.769078894397269e-05,-1.1417954606915328e-08,1.1417954606915328e-08
1204221,0.00020972863272553495,0.00020971736499985293,1.1267725682020686e-08,1.1267725682020686e-08
2212422,8.634899792304106e-05,8.636023667690001e-05,-1.1238753858951829e-08,1.1238753858951829e-08
2232423,8.60450471531421e-05,8.605624634628848e-05,-1.1199193146376536e-08,1.1199193146376536e-08
0320422,1.3962151665657238e-05,1.3973331311829147e-05,-1.1179646171909636e-08,1.1179646171909636e-08
0424132,0.00018889192573891993,0.00018888074650226286,1.117923665707528e-08,1.117923665707528e-08
0413242,0.00018889192573891996,0.00018888074650226324,1.1179236656722914e-08,1.1179236656722914e-08
1312400,6.278798604379149e-05,6.27768232825084e-05,1.116276128308594e-08,1.116276128308594e-08
2324241,6.611329285769939e-05,6.612444660463467e-05,-1.1153746935278243e-08,1.1153746935278243e-08
3240040,4.276412432831976e-05,4.2775236639985645e-05,-1.1112311665884857e-08,1.1112311665884857e-08
2042320,8.531230830678863e-05,8.53234121303101e-05,-1.1103823521473066e-08,1.1103823521473066e-08
4123213,2.161513630998336e-05,2.1604041957297837e-05,1.1094352685522862e-08,1.1094352685522862e-08
0242421,1.2263151953533201e-08,1.2262663282600743e-09,1.1036885625273127e-08,1.1036885625273127e-08
4124413,2.148415390012364e-05,2.1473126776486752e-05,1.1027123636887256e-08,1.1027123636887256e-08
0232124,1.2251265281879735e-08,1.2250777084615975e-09,1.1026187573418138e-08,1.1026187573418138e-08
0420441,0.00018617714262526936,0.00018616612405828,1.1018566989346541e-08,1.1018566989346541e-08
3242441,4.2330182423935844e-05,4.23411819752503e-05,-1.0999551314454356e-08,1.0999551314454356e-08
4121340,2.1390719679154016e-05,2.137974051229081e-05,1.097916686320662e-08,1.097916686320662e-08
3012441,3.127387199521497e-05,3.126290307916618e-05,1.0968916048788128e-08,1.0968916048788128e-08
3121324,3.113348051447901e-05,3.11225608389709e-05,1.0919675508113552e-08,1.0919675508113552e-08
1223223,0.00020290911209308986,0.0002028982107479383,1.0901345151559903e-08,1.0901345151559903e-08
4123204,2.1219677657115333e-05,2.120878628060839e-05,1.089137650694353e-08,1.089137650694353e-08
0042124,2.567100358447377e-05,2.5660113653584724e-05,1.0889930889046494e-08,1.0889930889046494e-08
4412212,1.160044708870026e-05,1.1589593099693471e-05,1.0853989006789008e-08,1.0853989006789008e-08
0422122,0.0001822318326384035,0.00018222104756765204,1.0785070751458212e-08,1.0785070751458212e-08
0413120,0.000181798256588942,0.00018178749717862738,1.0759410314629438e-08,1.0759410314629438e-08
0423223,0.00018159037173946086,0.0001815796246324453,1.0747107015543532e-08,1.0747107015543532e-08
0422323,0.000181590371739461,0.00018157962463244553,1.0747107015462217e-08,1.0747107015462217e-08
2132424,3.165193306219706e-05,3.166257553519373e-05,-1.0642472996673456e-08,1.0642472996673456e-08
2210324,8.173781984936584e-05,8.174845843534066e-05,-1.0638585974824858e-08,1.0638585974824858e-08
3242320,4.093571808704487e-05,4.0946355285041964e-05,-1.0637197997092978e-08,1.0637197997092978e-08
3232420,4.0935718087044864e-05,4.094635528504194e-05,-1.0637197997072649e-08,1.0637197997072649e-08
1030121,2.3386218259542312e-05,2.3396829652412354e-05,-1.0611392870041943e-08,1.0611392870041943e-08
3012320,3.0243630765988366e-05,3.0233023194053164e-05,1.0607571935201444e-08,1.0607571935201444e-08
1241322,0.00019735988045958445,0.0001973492772483548,1.0603211229658852e-08,1.0603211229658852e-08
2042044,8.136838744732058e-05,8.137897794982098e-05,-1.0590502500407595e-08,1.0590502500407595e-08
3212131,4.060362043031105e-05,4.061417133231298e-05,-1.0550902001935829e-08,1.0550902001935829e-08
4124132,2.053382386121165e-05,2.0523284511349044e-05,1.0539349862607826e-08,1.0539349862607826e-08
4132412,2.0533823861211614e-05,2.052328451134901e-05,1.0539349862604438e-08,1.0539349862604438e-08
3212123,4.055566598842991e-05,4.056620442940962e-05,-1.0538440979711175e-08,1.0538440979711175e-08
2103244,3.128948119868312e-05,3.130000180284598e-05,-1.0520604162862345e-08,1.0520604162862345e-08
2424232,2.6375030756708447e-05,2.6364583584878976e-05,1.0447171829470618e-08,1.0447171829470618e-08
2423242,2.6375030756708433e-05,2.6364583584878996e-05,1.0447171829436737e-08,1.0447171829436737e-08
1420412,4.4666555077718485e-05,4.46769564990838e-05,-1.0401421365313353e-08,1.0401421365313353e-08
4120441,2.023870866208901e-05,2.0228320785344838e-05,1.0387876744173078e-08,1.0387876744173078e-08
4412413,1.1095297397529183e-05,1.108491605316728e-05,1.0381344361902472e-08,1.0381344361902472e-08
1204004,0.0001929505026342295,0.0001929401363179777,1.036631625182219e-08,1.036631625182219e-08
2042122,7.964409676864564e-05,7.965446284609208e-05,-1.0366077446441013e-08,1.0366077446441013e-08
2421034,2.6107308907653068e-05,2.6096967780672806e-05,1.0341126980261946e-08,1.0341126980261946e-08
1312040,5.791257057594337e-05,5.790227459033595e-05,1.0295985607417359e-08,1.0295985607417359e-08
3421031,2.9352810992985406e-05,2.93425158648469e-05,1.029512813850581e-08,1.029512813850581e-08
0342103,1.2763565763828559e-05,1.2773785689277615e-05,-1.0219925449055881e-08,1.0219925449055881e-08
0342210,1.2763565763828566e-05,1.2773785689277613e-05,-1.021992544904741e-08,1.021992544904741e-08
4213244,5.388886642080858e-05,5.3899071846637045e-05,-1.0205425828462608e-08,1.0205425828462608e-08
0124130,3.7463968633428006e-06,3.736202404986265e-06,1.0194458356535582e-08,1.0194458356535582e-08
0232120,1.1299968512871604e-08,1.1299518223568285e-09,1.0170016690514776e-08,1.0170016690514776e-08
4122122,1.9809826908508104e-05,1.9799659162942648e-05,1.0167745565456025e-08,1.0167745565456025e-08
0242400,1.1282109183492868e-08,1.1281659605860984e-09,1.015394322290677e-08,1.015394322290677e-08
3242044,3.90432920624175e-05,3.905343751112424e-05,-1.0145448706737e-08,1.0145448706737e-08
3204244,3.904329206241755e-05,3.905343751112421e-05,-1.0145448706662462e-08,1.0145448706662462e-08
4122323,1.97400957907739e-05,1.9729963835943342e-05,1.0131954830557938e-08,1.0131954830557938e-08
4123223,1.9740095790773904e-05,1.972996383594335e-05,1.013195483055455e-08,1.013195483055455e-08
3012044,2.884549152194048e-05,2.8835374329706108e-05,1.0117192234372976e-08,1.0117192234372976e-08
4412323,1.080886391225575e-05,1.0798750570142092e-05,1.0113342113657027e-08,1.0113342113657027e-08
3121320,2.8716001279480622e-05,2.8705929504315104e-05,1.0071775165517772e-08,1.0071775165517772e-08
0123210,3.6991837386744667e-06,3.6891177536887105e-06,1.0065984985756166e-08,1.0065984985756166e-08
1032121,2.2178737134993995e-05,2.2188800638656235e-05,-1.0063503662240402e-08,1.0063503662240402e-08
0042120,2.3677679449763712e-05,2.366763510958153e-05,1.0044340182182622e-08,1.0044340182182622e-08
2213210,7.679598860605298e-05,7.680598398798036e-05,-9.995381927387558e-09,9.995381927387558e-09
1031212,2.196196597681434e-05,2.1971931121524447e-05,-9.965144710106355e-09,9.965144710106355e-09
3212422,3.8215919335981385e-05,3.822584979084119e-05,-9.930454859806458e-09,9.930454859806458e-09
3242122,3.821591933598128e-05,3.822584979084108e-05,-9.930454859799682e-09,9.930454859799682e-09
3424212,2.828670551261991e-05,2.827678430752857e-05,9.921205091340912e-09,9.921205091340912e-09
3421242,2.8286705512619944e-05,2.8276784307528647e-05,9.921205091296866e-09,9.921205091296866e-09
3012122,2.823422203862577e-05,2.8224319241450793e-05,9.90279717497878e-09,9.90279717497878e-09
0322324,1.2363495470782773e-05,1.2373395055611894e-05,-9.899584829121459e-09,9.899584829121459e-09
4212121,5.2142269566803744e-05,5.215214422366582e-05,-9.874656862073788e-09,9.874656862073788e-09
1034244,2.1731047254789836e-05,2.17409076211534e-05,-9.860366363564449e-09,9.860366363564449e-09
2132420,2.9194196578483474e-05,2.9204012675596304e-05,-9.816097112830448e-09,9.816097112830448e-09
2210320,7.539097141049681e-05,7.54007839224106e-05,-9.812511913794876e-09,9.812511913794876e-09
1342424,5.50712326516355e-05,5.506144181325385e-05,9.790838381651347e-09,9.790838381651347e-09
4412041,1.0452098443892424e-05,1.0442318910333043e-05,9.77953355938106e-09,9.77953355938106e-09
1031241,2.1453773389591663e-05,2.1463507944168014e-05,-9.734554576350729e-09,9.734554576350729e-09
2232130,7.47697342132767e-05,7.477946586806279e-05,-9.731654786093095e-09,9.731654786093095e-09
2424131,2.4564071034267875e-05,2.4554341185105093e-05,9.729849162781366e-09,9.729849162781366e-09
0124213,3.569043128078727e-06,3.5593312734970955e-06,9.711854581631374e-09,9.711854581631374e-09
3424241,2.7632160556415133e-05,2.762246892470934e-05,9.691631705794349e-09,9.691631705794349e-09
4412134,1.0322742041703994e-05,1.0313083540804509e-05,9.658500899485363e-09,9.658500899485363e-09
2420423,2.4327039715451935e-05,2.4317403754593596e-05,9.635960858339019e-09,9.635960858339019e-09
2141213,2.8462076657595215e-05,2.8471646590706818e-05,-9.569933111602488e-09,9.569933111602488e-09
0120424,3.503745876781442e-06,3.4942117049529756e-06,9.534171828466458e-09,9.534171828466458e-09
0124204,3.503745876781449e-06,3.494211704952987e-06,9.534171828461799e-09,9.534171828461799e-09
0301214,1.1890035313040501e-05,1.1899555793189582e-05,-9.520480149081441e-09,9.520480149081441e-09
0324221,1.188797608224738e-05,1.189749491354804e-05,-9.518831300660158e-09,9.518831300660158e-09
0400423,0.00016063776569690767,0.0001606282586330577,9.50706384998017e-09,9.50706384998017e-09
4242042,4.994536327940615e-05,4.995482188809984e-05,-9.458608693690615e-09,9.458608693690615e-09
4204242,4.994536327940615e-05,4.995482188809983e-05,-9.458608693683839e-09,9.458608693683839e-09
2441221,2.3876720131575346e-05,2.3867262542682273e-05,9.457588893072965e-09,9.457588893072965e-09
0121212,3.471216681357225e-06,3.4617710259193656e-06,9.445655437859266e-09,9.445655437859266e-09
0321323,1.1771137633930142e-05,1.1780562911418845e-05,-9.425277488703672e-09,9.425277488703672e-09
3210324,3.617512658162337e-05,3.6184526733910854e-05,-9.400152287484663e-09,9.400152287484663e-09
2141204,2.794135014764296e-05,2.7950744994518636e-05,-9.394846875677494e-09,9.394846875677494e-09
0242040,1.0406066279603778e-08,1.0405651611161998e-09,9.365501118487578e-09,9.365501118487578e-09
1421244,4.0089221404243845e-05,4.009855691004472e-05,-9.33550580087516e-09,9.33550580087516e-09
2320412,5.492589290452174e-05,5.493515926357265e-05,-9.266359050910601e-09,9.266359050910601e-09
4210301,4.8770022299755225e-05,4.8779258323414446e-05,-9.236023659220936e-09,9.236023659220936e-09
4221030,4.8770022299755225e-05,4.8779258323414446e-05,-9.236023659220936e-09,9.236023659220936e-09
0121241,3.390893882024424e-06,3.381666795911373e-06,9.227086113051e-09,9.227086113051e-09
0244122,1.0244912935925604e-08,1.0244504689238611e-09,9.220462467001743e-09,9.220462467001743e-09
0241214,1.0234783709573816e-08,1.0234375866523547e-09,9.211346122921461e-09,9.211346122921461e-09
2232124,7.0524905706028e-05,7.053408487515816e-05,-9.179169130154219e-09,9.179169130154219e-09
2412142,2.3115427331338008e-05,2.3106271291162365e-05,9.156040175642915e-09,9.156040175642915e-09
3204412,3.516725556916806e-05,3.517639382490129e-05,-9.138255733229846e-09,9.138255733229846e-09
0322320,1.1403484155674145e-05,1.1412615049037876e-05,-9.130893363730122e-09,9.130893363730122e-09
0141232,3.3477600312927544e-06,3.3386503182880724e-06,9.109713004681999e-09,9.109713004681999e-09
2422130,2.2918855934104436e-05,2.2909777756024294e-05,9.078178080141897e-09,9.078178080141897e-09
2421301,2.291885593410443e-05,2.2909777756024294e-05,9.078178080135121e-09,9.078178080135121e-09
2413240,2.2822022673191774e-05,2.2812982850847595e-05,9.039822344179208e-09,9.039822344179208e-09
1342420,5.079501427896819e-05,5.078598368801445e-05,9.030590953740085e-09,9.030590953740085e-09
0321214,1.127612702520302e-05,1.1285155942331986e-05,-9.028917128965012e-09,9.028917128965012e-09
0041213,2.1221831193999817e-05,2.121282865250269e-05,9.002541497126225e-09,9.002541497126225e-09
1421412,3.859825368528991e-05,3.8607241992085616e-05,-8.988306795706111e-09,8.988306795706111e-09
1412142,3.859825368528994e-05,3.860724199208562e-05,-8.988306795685783e-09,8.988306795685783e-09
0342131,1.1172912158891863e-05,1.1181858430758657e-05,-8.94627186679323e-09,8.94627186679323e-09
0342123,1.1159716518673371e-05,1.116865222464802e-05,-8.935705974649747e-09,8.935705974649747e-09
1413240,3.810832515118837e-05,3.811719936919629e-05,-8.874218007918382e-09,8.874218007918382e-09
0124223,3.259440616950322e-06,3.2505712331537958e-06,8.869383796526104e-09,8.869383796526104e-09
0041204,2.0833568235348188e-05,2.082473039940195e-05,8.83783594623824e-09,8.83783594623824e-09
3213210,3.398799495636935e-05,3.399682677974432e-05,-8.831823374975294e-09,8.831823374975294e-09
3014210,2.5175255605838726e-05,2.5166425702547875e-05,8.829903290851182e-09,8.829903290851182e-09
2212421,6.781240743908568e-05,6.782123356300285e-05,-8.826123917176406e-09,8.826123917176406e-09
1212142,0.00016414293486378807,0.00016413411624165394,8.818622134127482e-09,8.818622134127482e-09
1214212,0.00016414293486378796,0.00016413411624165394,8.818622134019061e-09,8.818622134019061e-09
0120420,3.231684007634135e-06,3.222890153368546e-06,8.793854265589052e-09,8.793854265589052e-09
1312423,4.94612050778093e-05,4.945241161810717e-05,8.793459702127542e-09,8.793459702127542e-09
0320421,1.0964888305035151e-05,1.0973668009947423e-05,-8.779704912272154e-09,8.779704912272154e-09
1221034,0.00016311988186382072,0.0001631111182054766,8.763658344124832e-09,8.763658344124832e-09
0324004,1.0936947094749524e-05,1.0945704426831857e-05,-8.757332082332916e-09,8.757332082332916e-09
2141223,2.5993087046403726e-05,2.6001826819941368e-05,-8.739773537642074e-09,8.739773537642074e-09
0044123,2.0548694392516036e-05,2.0539977403285045e-05,8.716989230991097e-09,8.716989230991097e-09
0312042,1.0857719374598491e-05,1.0866413268186581e-05,-8.693893588090099e-09,8.693893588090099e-09
3210320,3.336616928262039e-05,3.3374839523809455e-05,-8.670241189064065e-09,8.670241189064065e-09
1214241,0.00016034472195193759,0.000160336107389786,8.614562151592958e-09,8.614562151592958e-09
2422124,2.161770629051861e-05,2.1609143498904876e-05,8.56279161373427e-09,8.56279161373427e-09
4223240,4.504426119709392e-05,4.505279163941301e-05,-8.530442319087581e-09,8.530442319087581e-09
2421032,2.1497943170103115e-05,2.1489427816761916e-05,8.51535334119938e-09,8.51535334119938e-09
1213214,0.0001580405829323651,0.00015803209216068553,8.490771679579281e-09,8.490771679579281e-09
0422121,0.00014311201728432863,0.00014310354745109778,8.469833230850517e-09,8.469833230850517e-09
0421221,0.00014311201728432844,0.00014310354745109764,8.469833230796307e-09,8.469833230796307e-09
2232120,6.504872725513951e-05,6.505719367226125e-05,-8.466417121739435e-09,8.466417121739435e-09
4412141,9.032098996195774e-06,9.023648088876134e-06,8.450907319639643e-09,8.450907319639643e-09
2131240,2.506928046965964e-05,2.507770962752249e-05,-8.42915786284916e-09,8.42915786284916e-09
0342422,1.0515887629898867e-05,1.0524307815103904e-05,-8.420185205037508e-09,8.420185205037508e-09
2123240,2.503967268245877e-05,2.504809188516105e-05,-8.41920270228241e-09,8.41920270228241e-09
1213423,0.00015640903122402812,0.00015640062810789114,8.403116136978432e-09,8.403116136978432e-09
1032103,1.8383660888886982e-05,1.8392002393525156e-05,-8.3415046381743e-09,8.3415046381743e-09
1032210,1.8383660888886968e-05,1.8392002393525136e-05,-8.341504638167523e-09,8.341504638167523e-09
1241321,0.0001549925181272243,0.0001549841911136242,8.327013600081378e-09,8.327013600081378e-09
2321244,4.9297204085783076e-05,4.930552084804415e-05,-8.316762261071666e-09,8.316762261071666e-09
1241312,0.0001534776479405623,0.0001534694023137595,8.245626802796122e-09,8.245626802796122e-09
0041223,1.938090857339185e-05,1.9372686972150708e-05,8.221601241141903e-09,8.221601241141903e-09
4212210,4.322003529139668e-05,4.3228220263428285e-05,-8.184972031605653e-09,8.184972031605653e-09
4212103,4.3220035291396734e-05,4.322822026342832e-05,-8.184972031585324e-09,8.184972031585324e-09
4221210,4.322003529139674e-05,4.322822026342832e-05,-8.184972031578547e-09,8.184972031578547e-09
1323240,4.5953488009150545e-05,4.594531816888183e-05,8.169840268717869e-09,8.169840268717869e-09
0301424,1.0199410919927786e-05,1.0207577698800912e-05,-8.166778873125544e-09,8.166778873125544e-09
1232042,0.00015199666340630604,0.000151988497345785,8.16606052103739e-09,8.16606052103739e-09
1204232,0.00015199666340630588,0.00015198849734578487,8.166060521010285e-09,8.166060521010285e-09
0413244,0.00013758762348384178,0.00013757948060214915,8.142881692633228e-09,8.142881692633228e-09
2042121,6.254685138334683e-05,6.255499216881337e-05,-8.140785466540673e-09,8.140785466540673e-09
2212400,6.238746674771835e-05,6.239558678847762e-05,-8.12004075926491e-09,8.12004075926491e-09
0320400,1.008770563318095e-05,1.0095782968420241e-05,-8.077335239290643e-09,8.077335239290643e-09
3204122,3.101452424884039e-05,3.102258341210016e-05,-8.059163259771626e-09,8.059163259771626e-09
3420412,2.2956368165005964e-05,2.294831650849138e-05,8.051656514583468e-09,8.051656514583468e-09
2421213,2.0310709644998513e-05,2.030266455585352e-05,8.04508914499356e-09,8.04508914499356e-09
2321412,4.7463780104173746e-05,4.7471787555761694e-05,-8.007451587948222e-09,8.007451587948222e-09
0242423,8.88747595194057e-09,8.887121797382507e-10,7.99876377220232e-09,7.99876377220232e-09
4122121,1.5557239642952028e-05,1.55492546133442e-05,7.985029607829547e-09,7.985029607829547e-09
4121221,1.5557239642952025e-05,1.55492546133442e-05,7.985029607826159e-09,7.985029607826159e-09
4412132,8.500214348294387e-06,8.492261100252624e-06,7.953248041762527e-09,7.953248041762527e-09
0421322,0.00013353016712759234,0.00013352226437932332,7.90274826901658e-09,7.90274826901658e-09
2421204,1.9939116065396812e-05,1.9931218164780752e-05,7.897900616060579e-09,7.897900616060579e-09
2422120,1.9939116065396812e-05,1.9931218164780752e-05,7.897900616060579e-09,7.897900616060579e-09
3124130,2.2473512682736894e-05,2.2465630381690965e-05,7.882301045929115e-09,7.882301045929115e-09
2214122,6.055685491342614e-05,6.0564736690901375e-05,-7.88177747523697e-09,7.88177747523697e-09
4242324,4.135431634133533e-05,4.136214798516342e-05,-7.831643828084677e-09,7.831643828084677e-09
4232424,4.135431634133533e-05,4.136214798516341e-05,-7.8316438280779e-09,7.8316438280779e-09
3212421,3.0012085316618275e-05,3.001988399485667e-05,-7.798678238394696e-09,7.798678238394696e-09
3242121,3.0012085316618235e-05,3.0019883994856613e-05,-7.798678238377755e-09,7.798678238377755e-09
3123210,2.2190295288870432e-05,2.218251232275231e-05,7.782966118123397e-09,7.782966118123397e-09
3012121,2.2173164885078677e-05,2.216538792723355e-05,7.776957845125754e-09,7.776957845125754e-09
1221301,0.00014319825477413094,0.00014319056141041603,7.69336371491498e-09,7.69336371491498e-09
1030123,1.6948697461799992e-05,1.6956387858143984e-05,-7.690396343991348e-09,7.690396343991348e-09
1312130,4.297982603175459e-05,4.297218486394186e-05,7.641167812732857e-09,7.641167812732857e-09
2423244,1.9211397135865185e-05,1.9203787485328136e-05,7.609650537049171e-09,7.609650537049171e-09
1204131,0.00014156028371396513,0.0001415526783506745,7.60536329063883e-09,7.60536329063883e-09
4240040,3.9846878481810446e-05,3.985442464839081e-05,-7.546166580361035e-09,7.546166580361035e-09
0301420,9.40743830071888e-06,9.414970938531772e-06,-7.532637812892489e-09,7.532637812892489e-09
3124213,2.140962074491599e-05,2.1402111590545133e-05,7.509154370857594e-09,7.509154370857594e-09
2212040,5.754315114617083e-05,5.755064067503113e-05,-7.489528860300505e-09,7.489528860300505e-09
4242441,3.944253884891166e-05,3.945000844201016e-05,-7.469593098505332e-09,7.469593098505332e-09
4121322,1.4515628030315462e-05,1.450817762637115e-05,7.450403944311409e-09,7.450403944311409e-09
2121031,2.1967406943027153e-05,2.197479314388695e-05,-7.386200859796935e-09,7.386200859796935e-09
3120424,2.1017922091861913e-05,2.101055032085189e-05,7.371771010022423e-09,7.371771010022423e-09
3124204,2.1017922091861957e-05,2.1010550320851955e-05,7.371771010002094e-09,7.371771010002094e-09
2421223,1.8548823760398228e-05,1.8541476555731567e-05,7.3472046666611375e-09,7.3472046666611375e-09
2424214,1.8513547573349284e-05,1.8506214341609923e-05,7.333231739360522e-09,7.333231739360522e-09
3121212,2.0822789191480115e-05,2.0815485860873086e-05,7.303330607029472e-09,7.303330607029472e-09
1032131,1.6092605473345304e-05,1.609990742174437e-05,-7.3019483990658e-09,7.3019483990658e-09
1032123,1.6073599485561232e-05,1.6080892810077593e-05,-7.2933245163604385e-09,7.2933245163604385e-09
1301242,4.096608719435334e-05,4.09588040390737e-05,7.2831552796410516e-09,7.2831552796410516e-09
0244121,8.045631413211429e-09,8.045310805082323e-10,7.241100332703197e-09,7.241100332703197e-09
3421244,2.0603848324612437e-05,2.0596621784752305e-05,7.22653986013182e-09,7.22653986013182e-09
4232420,3.814320086755335e-05,3.8150424393175054e-05,-7.223525621706311e-09,7.223525621706311e-09
4242320,3.8143200867553375e-05,3.8150424393175054e-05,-7.223525621679206e-09,7.223525621679206e-09
1221032,0.00013432031476803762,0.000134313098373973,7.216394064615567e-09,7.216394064615567e-09
1312124,4.053977468349414e-05,4.053256732017872e-05,7.207363315417533e-09,7.207363315417533e-09
0312324,8.990095021447823e-06,8.9972934879735e-06,-7.198466525676117e-09,7.198466525676117e-09
3212400,2.761114146260214e-05,2.7618316252550564e-05,-7.174789948423253e-09,7.174789948423253e-09
3221240,2.7611141462602117e-05,2.7618316252550534e-05,-7.174789948416477e-09,7.174789948416477e-09
1321031,4.03151824047487e-05,4.030801497056859e-05,7.1674341801087845e-09,7.1674341801087845e-09
4004124,2.258287480939639e-05,2.257570961506185e-05,7.165194334538482e-09,7.165194334538482e-09
4212131,3.78337579599804e-05,3.784092288357814e-05,-7.164923597743141e-09,7.164923597743141e-09
2041221,5.5033860010050147e-05,5.5041022942121514e-05,-7.162932071367093e-09,7.162932071367093e-09
4212123,3.7789074832515185e-05,3.7796231294061806e-05,-7.156461546621747e-09,7.156461546621747e-09
3121241,2.0340956776131577e-05,2.033382244216541e-05,7.134333966166682e-09,7.134333966166682e-09
2124212,2.1169542202339223e-05,2.1176660133518946e-05,-7.117931179722854e-09,7.117931179722854e-09
2121242,2.1169542202339237e-05,2.1176660133518946e-05,-7.117931179709302e-09,7.117931179709302e-09
2412213,1.7871031500160084e-05,1.7863952769576818e-05,7.0787305832660736e-09,7.0787305832660736e-09
0422103,0.00011862365196296564,0.00011861663143059919,7.020532366444707e-09,7.020532366444707e-09
3214122,2.680095818453846e-05,2.680792244733979e-05,-6.964262801329861e-09,6.964262801329861e-09
3421412,1.983756572639345e-05,1.983060795048716e-05,6.957775906287064e-09,6.957775906287064e-09
2124241,2.067968603766415e-05,2.068663926228406e-05,-6.953224619910209e-09,6.953224619910209e-09
0242130,7.722864205894245e-09,7.722556459625837e-10,6.950608559931661e-09,6.950608559931661e-09
1412213,2.9841135860197788e-05,2.9848084912515797e-05,-6.949052318008721e-09,6.949052318008721e-09
1321242,3.885091934272349e-05,3.8844012232532894e-05,6.907110190598135e-09,6.907110190598135e-09
1324212,3.885091934272341e-05,3.884401223253282e-05,6.907110190591359e-09,6.907110190591359e-09
0324232,8.61557468655338e-06,8.62247327058755e-06,-6.898584034169985e-09,6.898584034169985e-09
0323242,8.615574686553384e-06,8.622473270587552e-06,-6.898584034168291e-09,6.898584034168291e-09
4242044,3.637987071585412e-05,3.6386760303572284e-05,-6.889587718165687e-09,6.889587718165687e-09
4204244,3.6379870715854125e-05,3.638676030357226e-05,-6.889587718131806e-09,6.889587718131806e-09
1424242,2.9517706511232373e-05,2.9524580247132163e-05,-6.8737358997895514e-09,6.8737358997895514e-09
1032422,1.5146277749558415e-05,1.5153150305947636e-05,-6.872556389220813e-09,6.872556389220813e-09
0312441,8.574490005156582e-06,8.581355692241043e-06,-6.8656870844606524e-09,6.8656870844606524e-09
3241221,2.6407099084834355e-05,2.6413961002851653e-05,-6.861918017298126e-09,6.861918017298126e-09
3124223,1.955240801112059e-05,1.954555025068537e-05,6.857760435219899e-09,6.857760435219899e-09
2441232,1.7304178956981137e-05,1.7297324757166214e-05,6.854199814922216e-09,6.854199814922216e-09
0321034,8.528121609928174e-06,8.53495016933599e-06,-6.828559407815477e-09,6.828559407815477e-09
1221213,0.00012690241531908059,0.00012689559745360533,6.817865475254505e-09,6.817865475254505e-09
1212213,0.00012690241531908059,0.00012689559745360533,6.817865475254505e-09,6.817865475254505e-09
3120420,1.9385904425341766e-05,1.9379105063938644e-05,6.799361403122666e-09,6.799361403122666e-09
1232324,0.0001258518847118612,0.0001258451232864179,6.7614254432987395e-09,6.7614254432987395e-09
2042103,5.184425508541792e-05,5.185100287445904e-05,-6.747789041124195e-09,6.747789041124195e-09
2042210,5.184425508541793e-05,5.185100287445904e-05,-6.747789041110642e-09,6.747789041110642e-09
1324241,3.795192199259536e-05,3.7945174710636905e-05,6.747281958453528e-09,6.747281958453528e-09
4212422,3.560893898260142e-05,3.561568257195031e-05,-6.7435893488944744e-09,6.7435893488944744e-09
4242122,3.560893898260135e-05,3.561568257195018e-05,-6.743589348826712e-09,6.743589348826712e-09
1221204,0.00012458067848207497,0.0001245739853525191,6.69312955588002e-09,6.69312955588002e-09
0421424,0.00011305543562318212,0.00011304874463591386,6.690987268257766e-09,6.690987268257766e-09
1312120,3.739190743995594e-05,3.738525972017754e-05,6.647719778399622e-09,6.647719778399622e-09
0312320,8.292024401784688e-06,8.298663915598944e-06,-6.639513814255888e-09,6.639513814255888e-09
4122103,1.2895189488130278e-05,1.2888570803053454e-05,6.618685076824178e-09,6.618685076824178e-09
3212040,2.546716783558016e-05,2.5473785511276394e-05,-6.617675696234744e-09,6.617675696234744e-09
0342421,8.258435809271388e-06,8.265048428335547e-06,-6.612619064158724e-09,6.612619064158724e-09
4004120,2.082934035015415e-05,2.082273152498338e-05,6.608825170768834e-09,6.608825170768834e-09
1214131,0.00012232821029170674,0.00012232163817659381,6.572115112920326e-09,6.572115112920326e-09
0242124,7.284421639744675e-09,7.284131364852186e-10,6.556008503259456e-09,6.556008503259456e-09
2412232,1.63207795053396e-05,1.6314314830873204e-05,6.464674466395221e-09,6.464674466395221e-09
3242103,2.4876619244407817e-05,2.488308346530745e-05,-6.46422089963208e-09,6.46422089963208e-09
3242210,2.4876619244407817e-05,2.4883083465307442e-05,-6.464220899625304e-09,6.464220899625304e-09
1232441,0.00012003385114590066,0.0001200274022958333,6.448850067356502e-09,6.448850067356502e-09
3012103,1.8379042124878555e-05,1.8372595907724624e-05,6.446217153931188e-09,6.446217153931188e-09
3012210,1.8379042124878535e-05,1.8372595907724607e-05,6.4462171539278e-09,6.4462171539278e-09
0324131,8.024012959594703e-06,8.030437873742264e-06,-6.424914147561622e-09,6.424914147561622e-09
2212423,4.914569619961599e-05,4.9152092757724387e-05,-6.396558108399107e-09,6.396558108399107e-09
0141214,2.349908713859281e-06,2.3435142907912106e-06,6.39442306807037e-09,6.39442306807037e-09
4210324,3.3707363253723204e-05,3.371374672434349e-05,-6.383470620288179e-09,6.383470620288179e-09
0320423,7.946585143523192e-06,7.952948060379203e-06,-6.362916856010863e-09,6.362916856010863e-09
1412232,2.725251749227838e-05,2.7258863737633736e-05,-6.346245355354235e-09,6.346245355354235e-09
0312044,7.908690640754394e-06,7.91502321507131e-06,-6.332574316916581e-09,6.332574316916581e-09
3204121,2.435661797449265e-05,2.436294707240617e-05,-6.329097913521895e-09,6.329097913521895e-09
4121424,1.2289886889329603e-05,1.2283578886564294e-05,6.308002765308945e-09,6.308002765308945e-09
2421324,1.5840349581601162e-05,1.5834075205830985e-05,6.274375770177576e-09,6.274375770177576e-09
1232320,0.00011607962947573873,0.00011607339306726557,6.2364084731602026e-09,6.2364084731602026e-09
1212232,0.0001158940567643894,0.00011588783032585858,6.2264385308215915e-09,6.2264385308215915e-09
1223212,0.00011589405676438938,0.00011588783032585859,6.2264385307944864e-09,6.2264385307944864e-09
1221223,0.00011589405676438926,0.00011588783032585847,6.2264385307944864e-09,6.2264385307944864e-09
1242214,0.00011567364923466729,0.00011566743463758882,6.214597078469503e-09,6.214597078469503e-09
0421321,0.00010486516712951107,0.00010485896086888975,6.206260621320994e-09,6.206260621320994e-09
4204412,3.276824630956891e-05,3.277445193105351e-05,-6.205621484601099e-09,6.205621484601099e-09
0312122,7.741096296314372e-06,7.747294676023156e-06,-6.198379708784662e-09,6.198379708784662e-09
1421030,2.6585000790545262e-05,2.6591191592471617e-05,-6.1908019263550666e-09,6.1908019263550666e-09
2214121,4.755707903268083e-05,4.756326882432116e-05,-6.189791640329764e-09,6.189791640329764e-09
2103210,1.838821534807655e-05,1.8394398101114547e-05,-6.182753037996681e-09,6.182753037996681e-09
0421420,0.000104276810056547,0.00010427063861680507,6.171439741932557e-09,6.171439741932557e-09
0422131,0.00010384023304092863,0.0001038340874392301,6.1456016985306705e-09,6.1456016985306705e-09
0421312,0.0001038402330409286,0.0001038340874392301,6.1456016985035654e-09,6.1456016985035654e-09
0423212,0.00010371759372040717,0.0001037114553769013,6.138343505867239e-09,6.138343505867239e-09
0422123,0.00010371759372040713,0.00010371145537690133,6.138343505799476e-09,6.138343505799476e-09
0421232,0.00010371759372040713,0.00010371145537690133,6.138343505799476e-09,6.138343505799476e-09
2324242,3.629754709764524e-05,3.630367073235167e-05,-6.1236347064354355e-09,6.1236347064354355e-09
0142412,2.243769426391773e-06,2.237663822844308e-06,6.105603547464847e-09,6.105603547464847e-09
0342400,7.597767265553845e-06,7.603850880154175e-06,-6.083614600330253e-09,6.083614600330253e-09
1223241,0.00011321230684213705,0.0001132062244813226,6.082360814457116e-09,6.082360814457116e-09
0242120,6.7187946117975e-09,6.718526876419176e-10,6.046941924155582e-09,6.046941924155582e-09
2412322,1.526081205887688e-05,1.5254767238406071e-05,6.0448204708105394e-09,6.0448204708105394e-09
1241323,0.00011232775087562564,0.00011232171603781213,6.0348378135146674e-09,6.0348378135146674e-09
4213210,3.16694314717901e-05,3.1675429000693196e-05,-5.997528903098012e-09,5.997528903098012e-09
0423241,0.00010131760310258483,0.00010131160679830578,5.996304279051365e-09,5.996304279051365e-09
0321301,7.486592787400281e-06,7.492587383390961e-06,-5.9945959906800025e-09,5.9945959906800025e-09
0322130,7.4865927874002745e-06,7.492587383390953e-06,-5.9945959906783085e-09,5.9945959906783085e-09
0123240,2.2020129514762954e-06,2.1960209730091916e-06,5.9919784671038804e-09,5.9919784671038804e-09
3204210,2.2944978147218278e-05,2.295094042874149e-05,-5.962281523213414e-09,5.962281523213414e-09
2213240,4.571434496858773e-05,4.572029491917522e-05,-5.949950587488871e-09,5.949950587488871e-09
1232044,0.00011071335957711667,0.00011070741147289822,5.948104218450037e-09,5.948104218450037e-09
1412322,2.5482578662670384e-05,2.5488512745513427e-05,-5.934082843043407e-09,5.934082843043407e-09
0232424,6.570552770720164e-09,6.570290942589727e-10,5.913523676461191e-09,5.913523676461191e-09
2042131,4.5383188266568306e-05,4.5389095115455126e-05,-5.9068488868202875e-09,5.9068488868202875e-09
2042123,4.532958897071622e-05,4.533548884338669e-05,-5.899872670469544e-09,5.899872670469544e-09
4210320,3.109002496112444e-05,3.109591276253536e-05,-5.887801410923131e-09,5.887801410923131e-09
4121321,1.1399549570954639e-05,1.1393698549634077e-05,5.8510213205616445e-09,5.8510213205616445e-09
0042424,1.3767776621293732e-05,1.3761936174292533e-05,5.840447001199278e-09,5.840447001199278e-09
1213122,0.00010849535203626975,0.00010848952309508678,5.828941182972527e-09,5.828941182972527e-09
1212322,0.00010836721484065869,0.0001083613927836801,5.822056978597892e-09,5.822056978597892e-09
1232122,0.00010836721484065864,0.00010836139278368013,5.822056978503024e-09,5.822056978503024e-09
4121420,1.1335591196574782e-05,1.1329773003026043e-05,5.81819354873954e-09,5.81819354873954e-09
1034210,1.2770910905263614e-05,1.2776705649476635e-05,-5.794744213021591e-09,5.794744213021591e-09
4121312,1.1288132336141793e-05,1.128233850169624e-05,5.793834445553186e-09,5.793834445553186e-09
4122131,1.1288132336141778e-05,1.128233850169623e-05,5.793834445548104e-09,5.793834445548104e-09
2421320,1.46103645122856e-05,1.4604577334634185e-05,5.7871776514153246e-09,5.7871776514153246e-09
4121232,1.1274800616449724e-05,1.1269013624746132e-05,5.786991703592091e-09,5.786991703592091e-09
4122123,1.127480061644971e-05,1.1269013624746122e-05,5.786991703588703e-09,5.786991703588703e-09
4123212,1.1274800616449723e-05,1.1269013624746136e-05,5.786991703587009e-09,5.786991703587009e-09
2120412,1.718036073393966e-05,1.7186137364543105e-05,-5.776630603445906e-09,5.776630603445906e-09
1204214,0.00010669172236878877,0.00010668599032808191,5.732040706858286e-09,5.732040706858286e-09
2400412,1.4437624247673235e-05,1.4431905492585658e-05,5.7187550875766e-09,5.7187550875766e-09
3242131,2.1776381833331442e-05,2.1782040453628e-05,-5.658620296556435e-09,5.658620296556435e-09
0322124,7.061563825875949e-06,7.06721809657033e-06,-5.654270694380807e-09,5.654270694380807e-09
4123241,1.1013905480661658e-05,1.100825239802109e-05,5.6530826405683064e-09,5.6530826405683064e-09
3242123,2.175066308643299e-05,2.1756315023680722e-05,-5.65193724773113e-09,5.65193724773113e-09
3212423,2.175066308643303e-05,2.175631502368076e-05,-5.651937247727742e-09,5.651937247727742e-09
3012131,1.60885623207104e-05,1.6082919460450935e-05,5.642860259465291e-09,5.642860259465291e-09
3012123,1.6069561108045537e-05,1.60639249122217e-05,5.636195823836637e-09,5.636195823836637e-09
0321032,7.022442426619503e-06,7.028065372385463e-06,-5.622945765960151e-09,5.622945765960151e-09
0342040,7.007809307326686e-06,7.0134205361954296e-06,-5.611228868743318e-09,5.611228868743318e-09
1320412,3.152986506620953e-05,3.152425952955836e-05,5.605536651173693e-09,5.605536651173693e-09
0301213,6.9958350249628325e-06,7.001436665893899e-06,-5.6016409310666795e-09,5.6016409310666795e-09
2042422,4.271442407411805e-05,4.2719983570000276e-05,-5.55949588222518e-09,5.55949588222518e-09
2212130,4.270566132681279e-05,4.271121968217968e-05,-5.5583553668900115e-09,5.5583553668900115e-09
2321030,3.2691236289599706e-05,3.269675151597577e-05,-5.5152263760667e-09,5.5152263760667e-09
0301204,6.867843072703842e-06,6.873342229091463e-06,-5.499156387621016e-09,5.499156387621016e-09
1421210,2.355965033862499e-05,2.35651366325638e-05,-5.4862939388101626e-09,5.4862939388101626e-09
4204122,2.8898802403310253e-05,2.8904275232932514e-05,-5.472829622261532e-09,5.472829622261532e-09
3214121,2.104758063072859e-05,2.105304987111303e-05,-5.469240384440731e-09,5.469240384440731e-09
0232420,6.060356845844687e-09,6.060115348369811e-10,5.454345311007706e-09,5.454345311007706e-09
0241213,6.021921421026109e-09,6.021681455153794e-10,5.41975327551073e-09,5.41975327551073e-09
1032421,1.1894817341760303e-05,1.1900214562402394e-05,-5.39722064209127e-09,5.39722064209127e-09
0042420,1.2698724477297326e-05,1.2693337534341154e-05,5.3869429561725554e-09,5.3869429561725554e-09
1240041,0.00010014942888385355,0.00010014404832957623,5.38055427732405e-09,5.38055427732405e-09
4412042,5.738415364562007e-06,5.733046201045544e-06,5.369163516462281e-09,5.369163516462281e-09
1031242,1.1778559445027311e-05,1.1783903914164105e-05,-5.344469136794159e-09,5.344469136794159e-09
0420422,9.014496944200731e-05,9.01396343704161e-05,5.335071591211667e-09,5.335071591211667e-09
3242422,2.0495818913499508e-05,2.0501144777905514e-05,-5.325864406006172e-09,5.325864406006172e-09
3424242,1.5170620095492172e-05,1.5165299191887346e-05,5.320903604825455e-09,5.320903604825455e-09
0241204,5.9117476567396344e-09,5.911512081151021e-10,5.320596448624532e-09,5.320596448624532e-09
1221324,9.897136321373093e-05,9.896604595134e-05,5.317262390930181e-09,5.317262390930181e-09
0321213,6.634624903285728e-06,6.639937319357277e-06,-5.312416071548782e-09,5.312416071548782e-09
3012422,1.5142472355031518e-05,1.5137161323891577e-05,5.311031139941351e-09,5.311031139941351e-09
1301244,2.983942568457583e-05,2.9834120682668136e-05,5.305001907692799e-09,5.305001907692799e-09
4212421,2.7964746978463444e-05,2.7970042917496076e-05,-5.2959390326323284e-09,5.2959390326323284e-09
4242121,2.7964746978463427e-05,2.7970042917496002e-05,-5.29593903257473e-09,5.29593903257473e-09
3213240,2.0232032355185072e-05,2.023728967432106e-05,-5.257319135987379e-09,5.257319135987379e-09
0121031,1.93183494098878e-06,1.9265781538474287e-06,5.256787141351403e-09,5.256787141351403e-09
3014240,1.4986073365646784e-05,1.4980817189479185e-05,5.256176167599055e-09,5.256176167599055e-09
0244123,5.8309116590936806e-09,5.830679304716262e-10,5.247843728622055e-09,5.247843728622055e-09
2212124,4.028117486142192e-05,4.028641765775199e-05,-5.24279633006946e-09,5.24279633006946e-09
0322120,6.513241452868785e-06,6.51845667589594e-06,-5.2152230271544195e-09,5.2152230271544195e-09
0321204,6.513241452868792e-06,6.518456675895946e-06,-5.2152230271535724e-09,5.2152230271535724e-09
2041232,3.988469760752368e-05,3.9889888800356586e-05,-5.191192832905065e-09,5.191192832905065e-09
2121244,1.541975386436866e-05,1.5424938518139882e-05,-5.184653771220628e-09,5.184653771220628e-09
0301223,6.388969819516428e-06,6.394085536899796e-06,-5.1157173833674396e-09,5.1157173833674396e-09
0121242,1.8616699466295743e-06,1.8566040880361547e-06,5.0658585934196245e-09,5.0658585934196245e-09
0124212,1.8616699466295733e-06,1.856604088036155e-06,5.065858593418354e-09,5.065858593418354e-09
1321244,2.8298751477159396e-05,2.829372038399567e-05,5.031093163726367e-09,5.031093163726367e-09
4120422,9.79936499273611e-06,9.794335294576246e-06,5.02969815986466e-09,5.02969815986466e-09
0323244,6.275527349479403e-06,6.280552232247426e-06,-5.024882768022775e-09,5.024882768022775e-09
1210342,9.331072755517043e-05,9.330571441191168e-05,5.0131432587498075e-09,5.0131432587498075e-09
1424244,2.1500501271755442e-05,2.1505508055307495e-05,-5.006783552053399e-09,5.006783552053399e-09
1213213,9.298759981235531e-05,9.298260402921915e-05,4.99578313616013e-09,4.99578313616013e-09
2141212,1.4846274149854795e-05,1.4851265979940843e-05,-4.9918300860485565e-09,4.9918300860485565e-09
2121412,1.4846274149854795e-05,1.4851265979940842e-05,-4.991830086046862e-09,4.991830086046862e-09
3241232,1.913802087475226e-05,1.914299391362467e-05,-4.9730388724089755e-09,4.9730388724089755e-09
3232412,1.9138020874752263e-05,1.9142993913624662e-05,-4.973038872398811e-09,4.973038872398811e-09
1032400,1.094324105873773e-05,1.094820650585949e-05,-4.965447121760641e-09,4.965447121760641e-09
0241223,5.4995399515785115e-09,5.499320801940121e-10,4.949607871384499e-09,4.949607871384499e-09
0124241,1.8185915233349e-06,1.8136428870242107e-06,4.9486363106893325e-09,4.9486363106893325e-09
1213014,9.205373386875868e-05,9.20487882578147e-05,4.94561094398075e-09,4.94561094398075e-09
2232424,3.782365363330226e-05,3.782857657095585e-05,-4.922937653591196e-09,4.922937653591196e-09
3212130,1.89004637889345e-05,1.890537509829839e-05,-4.911309363890429e-09,4.911309363890429e-09
1213204,9.128634979811222e-05,9.128144541507836e-05,4.904383033856822e-09,4.904383033856822e-09
1221320,9.12863497981121e-05,9.128144541507828e-05,4.904383033816164e-09,4.904383033816164e-09
2321210,2.8971001437556865e-05,2.8975889035867734e-05,-4.887598310868564e-09,4.887598310868564e-09
2141241,1.4502736304527238e-05,1.4507612625325595e-05,-4.876320798356736e-09,4.876320798356736e-09
4212400,2.5727588624462617e-05,2.5732460892426143e-05,-4.872267963525423e-09,4.872267963525423e-09
4221240,2.572758862446262e-05,2.5732460892426143e-05,-4.872267963522035e-09,4.872267963522035e-09
0312121,6.079310573340125e-06,6.084178343208733e-06,-4.867769868607747e-09,4.867769868607747e-09
0321223,6.059093463418233e-06,6.0639450452278005e-06,-4.851581809567156e-09,4.851581809567156e-09
1321412,2.724628591506499e-05,2.7241441934477544e-05,4.843980587445533e-09,4.843980587445533e-09
0324214,6.047570268356183e-06,6.05241262341857e-06,-4.842355062387314e-09,4.842355062387314e-09
2212120,3.7153387598974924e-05,3.715822329815263e-05,-4.835699177707881e-09,4.835699177707881e-09
2441214,1.2146402530974743e-05,1.2141591330733058e-05,4.811200241684242e-09,4.811200241684242e-09
0342423,5.985137420922006e-06,5.989929785326748e-06,-4.792364404742178e-09,4.792364404742178e-09
3421030,1.3663356503604011e-05,1.365856425368831e-05,4.792249915700728e-09,4.792249915700728e-09
0413210,8.085755189694347e-05,8.085276648483745e-05,4.785412106020955e-09,4.785412106020955e-09
2412321,1.1984764503117995e-05,1.198001732783488e-05,4.7471752831146835e-09,4.7471752831146835e-09
1214242,8.803252485754066e-05,8.802779528710322e-05,4.7295704374379285e-09,4.7295704374379285e-09
1242142,8.80325248575407e-05,8.802779528710347e-05,4.729570437234641e-09,4.729570437234641e-09
4214122,2.4972673724740948e-05,2.497740302758889e-05,-4.7293028479425804e-09,4.7293028479425804e-09
0422324,7.982343610773597e-05,7.981871189795557e-05,4.724209780397051e-09,4.724209780397051e-09
0041212,1.1069646380984829e-05,1.1064950511434636e-05,4.695869550193089e-09,4.695869550193089e-09
1412321,2.0012218421013705e-05,2.0016878630781158e-05,-4.660209767452621e-09,4.660209767452621e-09
4241221,2.460568256260763e-05,2.4610342364994055e-05,-4.659802386424702e-09,4.659802386424702e-09
3123240,1.320921616093754e-05,1.3204583195017572e-05,4.632965919968378e-09,4.632965919968378e-09
3212124,1.7827446366368293e-05,1.7832078850801032e-05,-4.632484432739412e-09,4.632484432739412e-09
2132412,1.3648695311820087e-05,1.3653284474542336e-05,-4.589162722249107e-09,4.589162722249107e-09
0041241,1.0813498445962444e-05,1.08089112372716e-05,4.587208690843566e-09,4.587208690843566e-09
3204123,1.765197539255304e-05,1.765656228063184e-05,-4.586888078800114e-09,4.586888078800114e-09
1032040,1.0093510878047623e-05,1.0098090763866541e-05,-4.579885818918771e-09,4.579885818918771e-09
1213121,8.520459060900538e-05,8.520001297007561e-05,4.577638929766374e-09,4.577638929766374e-09
1212321,8.510396070100542e-05,8.509938846844387e-05,4.572232561542177e-09,4.572232561542177e-09
1232121,8.510396070100543e-05,8.509938846844389e-05,4.572232561542177e-09,4.572232561542177e-09
1213223,8.492123766077032e-05,8.491667524505183e-05,4.5624157184843235e-09,4.5624157184843235e-09
0424221,7.675330180644182e-05,7.674875929716437e-05,4.542509277446127e-09,4.542509277446127e-09
2232420,3.488669008989902e-05,3.48912307670615e-05,-4.540677162481017e-09,4.540677162481017e-09
2424130,1.1434259560396498e-05,1.1429730440583424e-05,4.529119813073684e-09,4.529119813073684e-09
1424412,1.9366031478090175e-05,1.937054121145164e-05,-4.509733361465556e-09,4.509733361465556e-09
0421323,7.599894827946241e-05,7.599445041527286e-05,4.497864189553693e-09,4.497864189553693e-09
4212040,2.372987072596759e-05,2.3734364667883594e-05,-4.493941916003093e-09,4.493941916003093e-09
2214123,3.446604900999473e-05,3.447053493861731e-05,-4.485928622578012e-09,4.485928622578012e-09
2423210,1.1290161873523742e-05,1.1285689830925453e-05,4.472042598289581e-09,4.472042598289581e-09
2324244,2.6438892101510434e-05,2.644335251633781e-05,-4.460414827376166e-09,4.460414827376166e-09
4122324,8.677344839495209e-06,8.672891038110714e-06,4.453801384494659e-09,4.453801384494659e-09
4412324,4.751356856822088e-06,4.746911237209592e-06,4.445619612496201e-09,4.445619612496201e-09
4242103,2.3179607665057327e-05,2.3183997398641805e-05,-4.389733584477548e-09,4.389733584477548e-09
4242210,2.3179607665057334e-05,2.3183997398641805e-05,-4.389733584470772e-09,4.389733584470772e-09
2042421,3.3544893380483275e-05,3.3549259416094454e-05,-4.366035611179213e-09,4.366035611179213e-09
0422320,7.362523738186822e-05,7.362088000158644e-05,4.357380281775985e-09,4.357380281775985e-09
2424213,1.0892963825591238e-05,1.088864911347325e-05,4.31471211798757e-09,4.31471211798757e-09
0421214,7.280297123625825e-05,7.27986625203532e-05,4.3087159050484184e-09,4.3087159050484184e-09
4204121,2.2695079389589384e-05,2.2699377363637914e-05,-4.297974048530503e-09,4.297974048530503e-09
4124221,8.343600574215342e-06,8.339318073003694e-06,4.282501211648178e-09,4.282501211648178e-09
3212120,1.644316549922589e-05,1.6447438276528646e-05,-4.27277730275492e-09,4.27277730275492e-09
3421210,1.2108478168312512e-05,1.210423127235645e-05,4.24689595606246e-09,4.24689595606246e-09
4121323,8.261597267872387e-06,8.257356856314429e-06,4.240411557957595e-09,4.240411557957595e-09
4412441,4.531705369360166e-06,4.527465267242985e-06,4.240102117180963e-09,4.240102117180963e-09
2420424,1.0693672146906846e-05,1.0689436374390123e-05,4.235772516722767e-09,4.235772516722767e-09
2424204,1.0693672146906847e-05,1.068943637439013e-05,4.235772516717685e-09,4.235772516717685e-09
1342412,2.3747379770818855e-05,2.3743157843214772e-05,4.2219276040830625e-09,4.2219276040830625e-09
2421212,1.0594390816781151e-05,1.0590194369682672e-05,4.19644709847883e-09,4.19644709847883e-09
0420421,7.079349550568637e-05,7.078930571707087e-05,4.189788615496185e-09,4.189788615496185e-09
3242421,1.609596933827392e-05,1.610015189621614e-05,-4.182557942221702e-09,4.182557942221702e-09
0424004,7.061309640906538e-05,7.060891729705323e-05,4.1791120121501945e-09,4.1791120121501945e-09
0400424,7.061309640906537e-05,7.060891729705324e-05,4.1791120121230894e-09,4.1791120121230894e-09
3012421,1.189182885352846e-05,1.1887657944586306e-05,4.170908942153717e-09,4.170908942153717e-09
0342130,5.2008471027484665e-06,5.205011477394668e-06,-4.164374646201902e-09,4.164374646201902e-09
0321324,5.1743528240886555e-06,5.1784959844787704e-06,-4.143160390114958e-09,4.143160390114958e-09
0120412,1.5108574831200661e-06,1.5067462332295303e-06,4.111249890535851e-09,4.111249890535851e-09
4122320,8.003558914576077e-06,7.999450945786782e-06,4.107968789294724e-09,4.107968789294724e-09
4412320,4.382419418745008e-06,4.378318996422451e-06,4.100422322557491e-09,4.100422322557491e-09
2421241,1.0349240137424289e-05,1.0345140794715759e-05,4.099342708530394e-09,4.099342708530394e-09
3121031,1.1588499198274363e-05,1.158443467838194e-05,4.064519892423146e-09,4.064519892423146e-09
4121214,7.91417304943154e-06,7.910110959525392e-06,4.0620899061487585e-09,4.0620899061487585e-09
4204210,2.13797375805152e-05,2.1383786456296058e-05,-4.0488757808591685e-09,4.0488757808591685e-09
0312210,5.039059858921045e-06,5.043094688767528e-06,-4.0348298464835516e-09,4.0348298464835516e-09
0312103,5.039059858921051e-06,5.043094688767533e-06,-4.0348298464818575e-09,4.0348298464818575e-09
2324412,2.381416182869658e-05,2.381817943427986e-05,-4.017605583280122e-09,4.017605583280122e-09
2042400,3.086132758537667e-05,3.086534434148071e-05,-4.0167561040339536e-09,4.0167561040339536e-09
1424122,1.7079190376391447e-05,1.7083167577126375e-05,-3.9772007349287396e-09,3.9772007349287396e-09
3214123,1.525381626281126e-05,1.5257779986214226e-05,-3.963723402965015e-09,3.963723402965015e-09
4120421,7.695729510653839e-06,7.691779540774442e-06,3.949969879396778e-09,3.949969879396778e-09
2424223,9.94803577821026e-06,9.944095352885283e-06,3.940425324976552e-09,3.940425324976552e-09
4124004,7.676118914487573e-06,7.672179010095013e-06,3.939904392559951e-09,3.939904392559951e-09
0342124,4.905584530587708e-06,4.90951248529209e-06,-3.927954704381216e-09,3.927954704381216e-09
3121242,1.1167600412551808e-05,1.1163683517598408e-05,3.916894953399699e-09,3.916894953399699e-09
3124212,1.1167600412551801e-05,1.1163683517598407e-05,3.916894953394617e-09,3.916894953394617e-09
1032423,8.6205327535848e-06,8.624444282109089e-06,-3.911528524288378e-09,3.911528524288378e-09
4412044,4.179823618636395e-06,4.1759127556101635e-06,3.910863026231122e-09,3.910863026231122e-09
2420420,9.863320707433016e-06,9.859413837818716e-06,3.906869614299962e-09,3.906869614299962e-09
1031244,8.57942442888947e-06,8.583317304693646e-06,-3.8928758041762205e-09,3.8928758041762205e-09
3424244,1.1050178865770903e-05,1.1046303154943601e-05,3.875710827301587e-09,3.875710827301587e-09
1312424,2.1742140321210502e-05,2.1738274895075945e-05,3.865426134556926e-09,3.865426134556926e-09
0420400,6.513007005072208e-05,6.512621544198891e-05,3.854608733166055e-09,3.854608733166055e-09
0400420,6.513007005072207e-05,6.512621544198891e-05,3.854608733152502e-09,3.854608733152502e-09
3242400,1.4808304111100847e-05,1.4812152067609013e-05,-3.847956508166162e-09,3.847956508166162e-09
4242131,2.0290859553778588e-05,2.029470221880247e-05,-3.8426650238828806e-09,3.8426650238828806e-09
1241301,7.144187381738887e-05,7.143803558402065e-05,3.838233368221272e-09,3.838233368221272e-09
4212423,2.0266895265991514e-05,2.0270733392679818e-05,-3.838126688304364e-09,3.838126688304364e-09
4242123,2.0266895265991494e-05,2.0270733392679767e-05,-3.838126688273871e-09,3.838126688273871e-09
3012400,1.0940491647277037e-05,1.0936654407857827e-05,3.8372394192101085e-09,3.8372394192101085e-09
0044124,9.03278834789651e-06,9.028956536626633e-06,3.831811269875874e-09,3.831811269875874e-09
4412122,4.091248299274367e-06,4.087420311980012e-06,3.827987294355654e-09,3.827987294355654e-09
3124241,1.0909185853822612e-05,1.0905359594515495e-05,3.8262593071167135e-09,3.8262593071167135e-09
0321320,4.772570231841313e-06,4.776391680554967e-06,-3.821448713653795e-09,3.821448713653795e-09
2124242,1.135356969032311e-05,1.1357387152549131e-05,-3.817462226021314e-09,3.817462226021314e-09
0412214,6.405803711485806e-05,6.40542459525102e-05,3.791162347867739e-09,3.791162347867739e-09
1232210,7.054154365533809e-05,7.053775379244343e-05,3.7898628946604835e-09,3.7898628946604835e-09
1232103,7.054154365533814e-05,7.053775379244352e-05,3.789862894619826e-09,3.789862894619826e-09
0141213,1.382634555159973e-06,1.3788722173967714e-06,3.7623377632016026e-09,3.7623377632016026e-09
1210340,6.98091543086505e-05,6.980540379356514e-05,3.750515085361472e-09,3.750515085361472e-09
4214121,1.9611775077862354e-05,1.9615489138469208e-05,-3.7140606068536137e-09,3.7140606068536137e-09
2042040,2.8464980714764668e-05,2.8468685574340857e-05,-3.704859576189514e-09,3.704859576189514e-09
1324242,2.0836379741929025e-05,2.083267534642728e-05,3.7043955017454933e-09,3.7043955017454933e-09
1213424,6.875423069510126e-05,6.87505368560631e-05,3.6938390381646095e-09,3.6938390381646095e-09
0141204,1.3573386333230213e-06,1.3536451292235167e-06,3.6935040995045674e-09,3.6935040995045674e-09
2412212,9.32181569826762e-06,9.318123319242141e-06,3.6923790254779596e-09,3.6923790254779596e-09
0121244,1.356028017958192e-06,1.3523380802223813e-06,3.6899377358106243e-09,3.6899377358106243e-09
2103240,1.094595219147157e-05,1.094963259861737e-05,-3.6804071458000306e-09,3.6804071458000306e-09
1242213,6.805982871166213e-05,6.80561721795524e-05,3.6565321097305117e-09,3.6565321097305117e-09
2044122,2.8024158342826692e-05,2.8027805827166884e-05,-3.6474843401914487e-09,3.6474843401914487e-09
2041214,2.7996450636089883e-05,2.8000094514133502e-05,-3.643878043618369e-09,3.643878043618369e-09
4120400,7.080077040129113e-06,7.07644306481675e-06,3.633975312363258e-09,3.633975312363258e-09
1412212,1.5565613474143156e-05,1.556923821091258e-05,-3.624736769423768e-09,3.624736769423768e-09
0342120,4.5246714896345694e-06,4.528294443138418e-06,-3.622953503848225e-09,3.622953503848225e-09
4242422,1.909765296165707e-05,1.9101269658272547e-05,-3.616696615476011e-09,3.616696615476011e-09
4213240,1.8851861165393627e-05,1.88554313141763e-05,-3.570148782674516e-09,3.570148782674516e-09
1312420,2.0053887935599335e-05,2.005032265539325e-05,3.565280206083648e-09,3.565280206083648e-09
1221212,6.619432836089433e-05,6.619077205327912e-05,3.556307615201152e-09,3.556307615201152e-09
1212212,6.619432836089433e-05,6.619077205327914e-05,3.5563076151875995e-09,3.5563076151875995e-09
0121412,1.3055956590858212e-06,1.3020429546974376e-06,3.5527043883836815e-09,3.5527043883836815e-09
3242040,1.365845619488476e-05,1.3662005361961057e-05,-3.5491670762967023e-09,3.5491670762967023e-09
3204240,1.3658456194884769e-05,1.3662005361961045e-05,-3.5491670762763736e-09,3.5491670762763736e-09
2324122,2.1002062502410714e-05,2.1005605688359354e-05,-3.5431859486399525e-09,3.5431859486399525e-09
1204130,6.589449383902133e-05,6.589095364009432e-05,3.5401989270059542e-09,3.5401989270059542e-09
3012040,1.0090974955249429e-05,1.0087435673092387e-05,3.5392821570416356e-09,3.5392821570416356e-09
0044120,8.331402640152702e-06,8.327868364655395e-06,3.5342754973074185e-09,3.5342754973074185e-09
0312131,4.411069305309466e-06,4.414601296313005e-06,-3.531991003538641e-09,3.531991003538641e-09
2412413,8.915890626145147e-06,8.912359034381586e-06,3.5315917635603717e-09,3.5315917635603717e-09
0312123,4.405859662317208e-06,4.409387481903136e-06,-3.5278195859276914e-09,3.5278195859276914e-09
0242424,3.906753766805599e-09,3.906598087661006e-10,3.5160939580394987e-09,3.5160939580394987e-09
3244122,1.3446934777843474e-05,1.3450428980812642e-05,-3.494202969168305e-09,3.494202969168305e-09
3424412,9.953168488874675e-06,9.949677540597114e-06,3.4909482775606642e-09,3.4909482775606642e-09
3241214,1.3433639687201469e-05,1.3437130435424565e-05,-3.4907482230965673e-09,3.4907482230965673e-09
1221241,6.466261362166268e-05,6.465913960582273e-05,3.4740158399461634e-09,3.4740158399461634e-09
1412413,1.4887797802106608e-05,1.4891264697144105e-05,-3.4668950374972256e-09,3.4668950374972256e-09
1034240,7.602139607592795e-06,7.605589044741356e-06,-3.449437148561443e-09,3.449437148561443e-09
1214244,6.412230611260906e-05,6.411886112493133e-05,3.4449876777344285e-09,3.4449876777344285e-09
2412323,8.685720173306975e-06,8.68227975225306e-06,3.4404210539151574e-09,3.4404210539151574e-09
2121030,1.0225545778019485e-05,1.0228983959649816e-05,-3.438181630331587e-09,3.438181630331587e-09
0141223,1.262695648599078e-06,1.2592596810077687e-06,3.4359675913092183e-09,3.4359675913092183e-09
1213420,6.341554313826359e-05,6.341213612161171e-05,3.4070166518747336e-09,3.4070166518747336e-09
1212413,6.331184941218606e-05,6.330844796650678e-05,3.4014456792771106e-09,3.4014456792771106e-09
1032130,7.490901151058808e-06,7.4943001142508155e-06,-3.398963192007534e-09,3.398963192007534e-09
1030124,7.450302876698962e-06,7.4536834186039515e-06,-3.380541904989772e-09,3.380541904989772e-09
1412323,1.4503458053498048e-05,1.450683544802078e-05,-3.377394522731763e-09,3.377394522731763e-09
4232412,1.7832480008800114e-05,1.783585710808156e-05,-3.3770992814443582e-09,3.3770992814443582e-09
4241232,1.783248000880012e-05,1.783585710808155e-05,-3.3770992814274176e-09,3.3770992814274176e-09
1204213,6.27750606764443e-05,6.277168806988038e-05,3.372606563922971e-09,3.372606563922971e-09
1223242,6.215586702783588e-05,6.215252768761272e-05,3.3393402231639757e-09,3.3393402231639757e-09
1242232,6.2155867027836e-05,6.21525276876129e-05,3.3393402231097656e-09,3.3393402231097656e-09
1321030,1.8766199592793424e-05,1.8762863244242606e-05,3.3363485508176535e-09,3.3363485508176535e-09
4212130,1.7611128385687255e-05,1.7614463565594207e-05,-3.335179906951486e-09,3.335179906951486e-09
2412041,8.39903277943674e-06,8.395705915500264e-06,3.32686393647557e-09,3.32686393647557e-09
0312422,4.151675810447886e-06,4.155000102268571e-06,-3.324291820684883e-09,3.324291820684883e-09
1213123,6.175033571318509e-05,6.174701816023798e-05,3.3175529471062568e-09,3.3175529471062568e-09
1232131,6.175033571318506e-05,6.174701816023799e-05,3.3175529470655992e-09,3.3175529470655992e-09
1212323,6.167740618488892e-05,6.16740925500998e-05,3.3136347891125646e-09,3.3136347891125646e-09
1232123,6.167740618488892e-05,6.167409255009985e-05,3.313634789071907e-09,3.313634789071907e-09
1204204,6.162656267149074e-05,6.162325176828271e-05,3.3109032080243976e-09,3.3109032080243976e-09
1244131,6.137614386607539e-05,6.13728464166832e-05,3.297449392190648e-09,3.297449392190648e-09
0424232,5.562543191355081e-05,5.5622139820121854e-05,3.2920934289591306e-09,3.2920934289591306e-09
0423242,5.562543191355079e-05,5.5622139820121895e-05,3.2920934288981443e-09,3.2920934288981443e-09
2412134,8.295085359878565e-06,8.291799669602248e-06,3.2856902763165545e-09,3.2856902763165545e-09
1412041,1.4024746040158973e-05,1.4028011957865218e-05,-3.2659177062454447e-09,3.2659177062454447e-09
1421240,1.402435208489939e-05,1.4027617910865974e-05,-3.265825966583652e-09,3.265825966583652e-09
0421034,5.506080153932415e-05,5.505754286255158e-05,3.2586767725677982e-09,3.2586767725677982e-09
0242420,3.6033987948771615e-09,3.6032552040405026e-10,3.243073274473111e-09,3.243073274473111e-09
1412134,1.385117413025972e-05,1.3854399628583504e-05,-3.2254983237844692e-09,3.2254983237844692e-09
1032124,7.06562759504622e-06,7.068833592247324e-06,-3.205997201104122e-09,3.205997201104122e-09
1212041,5.964163546156276e-05,5.963843119908856e-05,3.204262474196815e-09,3.204262474196815e-09
3120412,9.063181517403455e-06,9.060002720828023e-06,3.1787965754318122e-09,3.1787965754318122e-09
1212134,5.8903503551941316e-05,5.8900338945797056e-05,3.164606144259838e-09,3.164606144259838e-09
2042423,2.4310995603667782e-05,2.4314159801310183e-05,-3.164197642400654e-09,3.164197642400654e-09
4212124,1.6611309132576854e-05,1.6614454967598562e-05,-3.145835021708135e-09,3.145835021708135e-09
1424121,1.3412790471127454e-05,1.3415913883826976e-05,-3.1234126995219807e-09,3.1234126995219807e-09
1242322,5.8119099321084144e-05,5.811597685726255e-05,3.1224638215947265e-09,3.1224638215947265e-09
1232422,5.811909932108409e-05,5.811597685726251e-05,3.122463821581174e-09,3.122463821581174e-09
1030120,6.871795359992218e-06,6.8749134066758854e-06,-3.118046683667023e-09,3.118046683667023e-09
1301210,1.753604611935845e-05,1.7532928473626908e-05,3.117645731542094e-09,3.117645731542094e-09
4204123,1.6447808285066903e-05,1.6450923156442816e-05,-3.114871375913507e-09,3.114871375913507e-09
4123242,6.046858893774983e-06,6.043755236030475e-06,3.1036577445081313e-09,3.1036577445081313e-09
4124232,6.046858893774992e-06,6.043755236030485e-06,3.1036577445072843e-09,3.1036577445072843e-09
1204223,5.732953488025492e-05,5.7326454835989564e-05,3.080044265357687e-09,3.080044265357687e-09
3424122,8.777846904881469e-06,8.774768185821551e-06,3.0787190599178505e-09,3.0787190599178505e-09
4121034,5.9854797712650875e-06,5.982407617445543e-06,3.072153819544308e-09,3.072153819544308e-09
0424131,5.1806084073996956e-05,5.180301802195757e-05,3.0660520393871503e-09,3.0660520393871503e-09
1214130,5.694221068172505e-05,5.693915144655353e-05,3.0592351715161845e-09,3.0592351715161845e-09
2121210,9.061887375885273e-06,9.0649342953738e-06,-3.0469194885273754e-09,3.0469194885273754e-09
0420423,5.130618060060208e-05,5.130314413447128e-05,3.036466130801102e-09,3.036466130801102e-09
3242423,1.1665234269226086e-05,1.1668265495069974e-05,-3.0312258438877995e-09,3.0312258438877995e-09
3012423,8.618366906060951e-06,8.615344122598628e-06,3.0227834623232553e-09,3.0227834623232553e-09
4412121,3.212977605740457e-06,3.2099713747439155e-06,3.0062309965416288e-09,3.0062309965416288e-09
0324130,3.735074970594168e-06,3.738065685606915e-06,-2.9907150127471066e-09,2.9907150127471066e-09
0441221,5.03564481971282e-05,5.035346793924056e-05,2.9802578876359713e-09,2.9802578876359713e-09
1032120,6.516989675000222e-06,6.519946730177086e-06,-2.957055176863423e-09,2.957055176863423e-09
1321210,1.663062205919881e-05,1.662766538427205e-05,2.956674926761591e-09,2.956674926761591e-09
1240042,5.4984080425977477e-05,5.4981126391866456e-05,2.9540341110203226e-09,2.9540341110203226e-09
0323210,3.688004527535215e-06,3.690957552734018e-06,-2.953025198803263e-09,2.953025198803263e-09
1424210,1.2635423545893497e-05,1.2638365934537534e-05,-2.9423886440368746e-09,2.9423886440368746e-09
0301212,3.64913937718731e-06,3.652061282638981e-06,-2.9219054516711647e-09,2.9219054516711647e-09
2321240,1.724556683026463e-05,1.7248476270709474e-05,-2.909440444844708e-09,2.909440444844708e-09
4212120,1.5321459933883213e-05,1.532436149840526e-05,-2.9015645220473315e-09,2.9015645220473315e-09
4124131,5.6316700735260235e-06,5.628779518818982e-06,2.890554707041952e-09,2.890554707041952e-09
0412142,4.875086747889125e-05,4.8747982244476686e-05,2.8852344145641998e-09,2.8852344145641998e-09
2412141,7.257958384471063e-06,7.255083501060566e-06,2.8748834104967865e-09,2.8748834104967865e-09
2044121,2.2008195687168784e-05,2.2011060163887147e-05,-2.8644767183634524e-09,2.8644767183634524e-09
4120423,5.577327200848194e-06,5.574464538585911e-06,2.8626622622827814e-09,2.8626622622827814e-09
0421301,4.8336294734926324e-05,4.8333434036270994e-05,2.860698655329861e-09,2.860698655329861e-09
0422130,4.833629473492632e-05,4.8333434036270994e-05,2.860698655323085e-09,2.860698655323085e-09
0301241,3.564699505857631e-06,3.5675537993891013e-06,-2.8542935314700926e-09,2.8542935314700926e-09
3121244,8.13440592957851e-06,8.131552889322992e-06,2.853040255517989e-09,2.853040255517989e-09
0324213,3.5582572116407925e-06,3.5611063467574546e-06,-2.8491351166621005e-09,2.8491351166621005e-09
0413240,4.813207158115831e-05,4.8129222969091445e-05,2.8486120668655716e-09,2.8486120668655716e-09
4242421,1.4997948498723483e-05,1.5000788796936221e-05,-2.8402982127387436e-09,2.8402982127387436e-09
2441213,7.146675852198189e-06,7.143845047892165e-06,2.8308043060242533e-09,2.8308043060242533e-09
0241212,3.1411304734006207e-09,3.141005303365776e-10,2.8270299430640433e-09,2.8270299430640433e-09
1412141,1.2119374431001507e-05,1.2122196648204534e-05,-2.822217203026826e-09,2.822217203026826e-09
1301412,1.5870115801906877e-05,1.5867294333575185e-05,2.821468331692755e-09,2.821468331692755e-09
2212424,2.1603449031916694e-05,2.1606260828833998e-05,-2.8117969173038727e-09,2.8117969173038727e-09
0324204,3.4931572935420344e-06,3.4959543024486684e-06,-2.797008906633942e-09,2.797008906633942e-09
0320424,3.493157293542036e-06,3.4959543024486663e-06,-2.7970089066301302e-09,2.7970089066301302e-09
2324121,1.649353731636754e-05,1.649631988449179e-05,-2.7825681242492253e-09,2.7825681242492253e-09
2124244,8.269864715704316e-06,8.272645329821947e-06,-2.7806141176312568e-09,2.7806141176312568e-09
2441204,7.015924199075853e-06,7.0131451856094315e-06,2.7790134664214407e-09,2.7790134664214407e-09
0321212,3.4607264037899653e-06,3.4634974449316617e-06,-2.771041141696418e-09,2.771041141696418e-09
1212141,5.153885209516302e-05,5.1536083156845724e-05,2.7689383172934366e-09,2.7689383172934366e-09
0241241,3.0684457591192733e-09,3.068323485477396e-10,2.761613410571534e-09,2.761613410571534e-09
2042130,2.1125291226945396e-05,2.1128040789233395e-05,-2.7495622879988196e-09,2.7495622879988196e-09
1213012,5.114452090537242e-05,5.1141773152601495e-05,2.7477527709274534e-09,2.7477527709274534e-09
3121412,7.831877313929588e-06,7.829130381769284e-06,2.746932160303933e-09,2.746932160303933e-09
3244121,1.0560273331424659e-05,1.056301743177463e-05,-2.7441003499714418e-09,2.7441003499714418e-09
0124242,9.98443862291145e-07,9.957269599589172e-07,2.7169023322278144e-09,2.7169023322278144e-09
0321241,3.3806463459905595e-06,3.3833532661620037e-06,-2.706920171444233e-09,2.706920171444233e-09
2412132,6.8305498007705e-06,6.827844214258896e-06,2.7055865116033787e-09,2.7055865116033787e-09
0422124,4.559214586259882e-05,4.558944757157187e-05,2.69829102694818e-09,2.69829102694818e-09
1324244,1.517708054213662e-05,1.5174382285069588e-05,2.6982570670324086e-09,2.6982570670324086e-09
4121301,5.254480615346303e-06,5.25178365982911e-06,2.696955517193298e-09,2.696955517193298e-09
4122130,5.2544806153462975e-06,5.251783659829106e-06,2.696955517191604e-09,2.696955517191604e-09
4214123,1.421324468944143e-05,1.4215936381141305e-05,-2.6916916998741275e-09,2.6916916998741275e-09
0421032,4.533956320736412e-05,4.533687986499766e-05,2.6833423664610967e-09,2.6833423664610967e-09
2141242,7.962298220289025e-06,7.964975419929085e-06,-2.6771996400595718e-09,2.6771996400595718e-09
2423240,6.72069419257116e-06,6.718032119958214e-06,2.662072612946549e-09,2.662072612946549e-09
1412132,1.1405685486191078e-05,1.1408341507916845e-05,-2.6560217257670692e-09,2.6560217257670692e-09
1241324,4.9376995923609975e-05,4.9374343131581334e-05,2.652792028641417e-09,2.652792028641417e-09
3242130,1.0136626043022513e-05,1.0139260058090048e-05,-2.6340150675356546e-09,2.6340150675356546e-09
3012130,7.489019115438357e-06,7.486392436465643e-06,2.626678972714198e-09,2.626678972714198e-09
2324210,1.5537619126378963e-05,1.554024042482323e-05,-2.621298444265978e-09,2.621298444265978e-09
4242400,1.379812409828698e-05,1.3800737174816658e-05,-2.6130765296770016e-09,2.6130765296770016e-09
0312421,3.2604331073304158e-06,3.263043771458697e-06,-2.6106641282813612e-09,2.6106641282813612e-09
1212132,4.850381846550248e-05,4.850121258516125e-05,2.6058803412296896e-09,2.6058803412296896e-09
1213212,4.8503818465502464e-05,4.850121258516125e-05,2.605880341216137e-09,2.605880341216137e-09
0324223,3.249590342558216e-06,3.25219232476722e-06,-2.6019822090040827e-09,2.6019822090040827e-09
2212420,1.9925965866656173e-05,1.9928559330751464e-05,-2.593464095290986e-09,2.593464095290986e-09
2042124,1.9925965866656176e-05,1.9928559330751443e-05,-2.593464095267269e-09,2.593464095267269e-09
2441223,6.5267257113175945e-06,6.524140469782941e-06,2.585241534653887e-09,2.585241534653887e-09
0320420,3.2219176158004547e-06,3.2244974401572045e-06,-2.5798243567498004e-09,2.5798243567498004e-09
0232412,2.833301606621363e-09,2.8331887031734354e-10,2.5499827363040194e-09,2.5499827363040194e-09
1213241,4.738145624063666e-05,4.737891065949969e-05,2.5455811369673887e-09,2.5455811369673887e-09
1210322,4.7372118949451905e-05,4.73695738699633e-05,2.5450794886026137e-09,2.5450794886026137e-09
4122124,4.956173160578763e-06,4.953629316661915e-06,2.5438439168482473e-09,2.5438439168482473e-09
0421213,4.283566555411138e-05,4.283313040052708e-05,2.535153584299753e-09,2.535153584299753e-09
4121032,4.928715725684729e-06,4.92618597478409e-06,2.5297509006392304e-09,2.5297509006392304e-09
3421240,7.20781329960278e-06,7.205285250022268e-06,2.52804958051231e-09,2.52804958051231e-09
0042412,5.9368313415798175e-06,5.93431287038732e-06,2.5184711924977244e-09,2.5184711924977244e-09
0041242,5.9368313415798285e-06,5.934312870387342e-06,2.518471192486713e-09,2.518471192486713e-09
2124412,7.448870999778369e-06,7.4513755674556516e-06,-2.5045676772821705e-09,2.5045676772821705e-09
4412103,2.663194499668998e-06,2.6607026746900675e-06,2.4918249789303405e-09,2.4918249789303405e-09
4412210,2.6631944996689953e-06,2.660702674690065e-06,2.4918249789303405e-09,2.4918249789303405e-09
0422120,4.205196776235092e-05,4.204947899054317e-05,2.4887718077539183e-09,2.4887718077539183e-09
0421204,4.2051967762350916e-05,4.204947899054317e-05,2.488771807747142e-09,2.488771807747142e-09
3242124,9.561149352520906e-06,9.563633829244296e-06,-2.484476723390268e-09,2.484476723390268e-09
3212424,9.561149352520911e-06,9.56363382924429e-06,-2.4844767233784095e-09,2.4844767233784095e-09
3012124,7.063852406381122e-06,7.0613748492676815e-06,2.4775571134407785e-09,2.4775571134407785e-09
1232421,4.564263787596761e-05,4.564018571330244e-05,2.452162665170189e-09,2.452162665170189e-09
1242321,4.564263787596769e-05,4.564018571330252e-05,2.452162665170189e-09,2.452162665170189e-09
0121030,8.992443521390963e-07,8.967973852440687e-07,2.446966895027612e-09,2.446966895027612e-09
1241320,4.5542928535082263e-05,4.554048172932752e-05,2.446805754745772e-09,2.446805754745772e-09
1223244,4.527392050498618e-05,4.5271488151758186e-05,2.432353227991744e-09,2.432353227991744e-09
1324412,1.3670370555994495e-05,1.3667940169342782e-05,2.430386651713158e-09,2.430386651713158e-09
3424121,6.893501315235374e-06,6.891083506617979e-06,2.417808617395096e-09,2.417808617395096e-09
4242040,1.272671550733208e-05,1.2729125681451072e-05,-2.410174118992064e-09,2.410174118992064e-09
4204240,1.2726715507332077e-05,1.2729125681451062e-05,-2.410174118985288e-09,2.410174118985288e-09
0312400,2.9996009542863513e-06,3.002002767282576e-06,-2.401812996224649e-09,2.401812996224649e-09
0423244,4.051719496378014e-05,4.051479702480312e-05,2.397938977015347e-09,2.397938977015347e-09
2042120,1.8378737354973163e-05,1.8381129439540896e-05,-2.392084567732144e-09,2.392084567732144e-09
4121213,4.6565251956911054e-06,4.654135151415221e-06,2.390044275884624e-09,2.390044275884624e-09
4244122,1.2529623474383263e-05,1.253199632338748e-05,-2.3728490042167937e-09,2.3728490042167937e-09
4241214,1.25172353366735e-05,1.2519605839623169e-05,-2.370502949669738e-09,2.370502949669738e-09
4121204,4.571331970234384e-06,4.568985652894856e-06,2.346317339527385e-09,2.346317339527385e-09
4122120,4.5713319702343786e-06,4.568985652894852e-06,2.346317339526538e-09,2.346317339526538e-09
2421031,5.896092418623132e-06,5.89375697146525e-06,2.3354471578821844e-09,2.3354471578821844e-09
0421223,3.9119815354075065e-05,3.911750011655444e-05,2.315237520628024e-09,2.315237520628024e-09
0424214,3.904541721748287e-05,3.9043106383085194e-05,2.3108343976744315e-09,2.3108343976744315e-09
0244124,2.56315023649667e-09,2.5630480982355804e-10,2.306845426673112e-09,2.306845426673112e-09
3242120,8.818737015689858e-06,8.821028575630764e-06,-2.2915599409065846e-09,2.2915599409065846e-09
3212420,8.81873701568988e-06,8.82102857563078e-06,-2.2915599408998083e-09,2.2915599408998083e-09
1031210,5.0419597231163974e-06,5.0442474899910155e-06,-2.287766874618109e-09,2.287766874618109e-09
3012120,6.515352327709272e-06,6.513067150078512e-06,2.2851776307598962e-09,2.2851776307598962e-09
3424210,6.493973720059997e-06,6.491696040706142e-06,2.2776793538556263e-09,2.2776793538556263e-09
1424123,9.720653646978405e-06,9.722917278331934e-06,-2.2636313535293815e-09,2.2636313535293815e-09
4123244,4.404491835646577e-06,4.402231151969895e-06,2.2606836766816623e-09,2.2606836766816623e-09
1232400,4.1991261780861384e-05,4.19890057893325e-05,2.2559915288823803e-09,2.2559915288823803e-09
2424212,5.6819440550562565e-06,5.6796934322450025e-06,2.250622811254054e-09,2.250622811254054e-09
2421242,5.681944055056265e-06,5.679693432245017e-06,2.2506228112481247e-09,2.2506228112481247e-09
0412213,3.769033883246689e-05,3.768810819600195e-05,2.2306364649409558e-09,2.2306364649409558e-09
0312040,2.766685363082328e-06,2.7689006780401485e-06,-2.215314957820646e-09,2.215314957820646e-09
2124122,6.569269808237563e-06,6.571478623617176e-06,-2.208815379613122e-09,2.208815379613122e-09
2424241,5.550465759677689e-06,5.548267215529624e-06,2.1985441480642896e-09,2.1985441480642896e-09
4121223,4.252587265556102e-06,4.250404549598474e-06,2.182715957628172e-09,2.182715957628172e-09
4412131,2.3312950908414626e-06,2.329113808422424e-06,2.1812824190384507e-09,2.1812824190384507e-09
4412123,2.328541741417033e-06,2.3263630351766683e-06,2.1787062403648702e-09,2.1787062403648702e-09
4124214,4.244499687294566e-06,4.242321122430155e-06,2.1785648644110086e-09,2.1785648644110086e-09
0121210,7.969111106032037e-07,7.947426064571534e-07,2.1685041460503426e-09,2.1685041460503426e-09
0441232,3.649483624380719e-05,3.649267636106196e-05,2.1598827452311373e-09,2.1598827452311373e-09
1240044,4.005003880213982e-05,4.0047887103323516e-05,2.1516988163073248e-09,2.1516988163073248e-09
2041213,1.647249522630021e-05,1.6474639203922897e-05,-2.143977622688772e-09,2.143977622688772e-09
1324122,1.2056102537362559e-05,1.205395914332957e-05,2.1433940329885663e-09,2.1433940329885663e-09
0244120,2.364124545487587e-09,2.364030338145918e-10,2.127721511672995e-09,2.127721511672995e-09
2232412,1.6310015663382217e-05,1.631213849347734e-05,-2.1228300951221877e-09,2.1228300951221877e-09
0342424,2.6309447463461955e-06,2.63305137232092e-06,-2.10662597472459e-09,2.10662597472459e-09
2041204,1.6171123507975238e-05,1.6173228260561832e-05,-2.1047525865938526e-09,2.1047525865938526e-09
3124242,5.989365681397566e-06,5.9872649869471074e-06,2.1006944504586082e-09,2.1006944504586082e-09
1232040,3.873068822052965e-05,3.8728607404168655e-05,2.080816360992973e-09,2.080816360992973e-09
2044123,1.5950002956536808e-05,1.595207892917794e-05,-2.0759726411328193e-09,2.0759726411328193e-09
4242423,1.0869465461727738e-05,1.0871523911476852e-05,-2.0584497491141305e-09,2.0584497491141305e-09
3014122,5.866139684305698e-06,5.8640822098190805e-06,2.057474486617095e-09,2.057474486617095e-09
3241213,7.904057857034441e-06,7.90611173644182e-06,-2.0538794073792627e-09,2.0538794073792627e-09
4412422,2.1942029847530075e-06,2.1921499729257004e-06,2.053011827307097e-09,2.053011827307097e-09
0412232,3.4420828454178515e-05,3.441879131793932e-05,2.0371362391972047e-09,2.0371362391972047e-09
1214210,3.7683423573784423e-05,3.7681399021990614e-05,2.0245517938095848e-09,2.0245517938095848e-09
2324123,1.1953363769533754e-05,1.1955380380547203e-05,-2.016611013448715e-09,2.016611013448715e-09
3204124,7.759449559057168e-06,7.761465861815862e-06,-2.0163027586943922e-09,2.0163027586943922e-09
3241204,7.759449559057144e-06,7.761465861815838e-06,-2.0163027586943922e-09,2.0163027586943922e-09
1210321,3.720271814058744e-05,3.720071941481882e-05,1.99872576862615e-09,1.99872576862615e-09
3244123,7.653348473099134e-06,7.65533720535676e-06,-1.9887322576262747e-09,1.9887322576262747e-09
1221031,3.683910517878165e-05,3.6837125988214564e-05,1.97919056708543e-09,1.97919056708543e-09
1210312,3.683910517878169e-05,3.6837125988214605e-05,1.97919056708543e-09,1.97919056708543e-09
0124244,7.272598744349709e-07,7.252809008305318e-07,1.9789736044391133e-09,1.9789736044391133e-09
0421324,3.3407592782203126e-05,3.340561561253647e-05,1.977169666657092e-09,1.977169666657092e-09
2214124,1.515057453036514e-05,1.5152546453399149e-05,-1.9719230340084238e-09,1.9719230340084238e-09
0141212,7.21204285334176e-07,7.192417898160591e-07,1.9624955181169747e-09,1.9624955181169747e-09
2041223,1.5043561558760403e-05,1.5045519553521032e-05,-1.9579947606296853e-09,1.9579947606296853e-09
2141244,5.799685112604398e-06,5.80163516703169e-06,-1.9500544272921477e-09,1.9500544272921477e-09
0342420,2.4266548890087813e-06,2.428597937880479e-06,-1.9430488716975094e-09,1.9430488716975094e-09
0141241,7.045158580746587e-07,7.02598774050022e-07,1.9170840246366582e-09,1.9170840246366582e-09
1221242,3.5501094589872655e-05,3.5499187284274684e-05,1.907305597971022e-09,1.907305597971022e-09
1242212,3.5501094589872675e-05,3.549918728427472e-05,1.9073055979574693e-09,1.9073055979574693e-09
0412322,3.218533733503373e-05,3.218343250240766e-05,1.9048326260705218e-09,1.9048326260705218e-09
0312423,2.3629341741917525e-06,2.3648262011964425e-06,-1.8920270046899354e-09,1.8920270046899354e-09
3121030,5.394297531694345e-06,5.3924055498899664e-06,1.8919818043784445e-09,1.8919818043784445e-09
3241223,7.218407369543859e-06,7.22028308180692e-06,-1.8757122630612462e-09,1.8757122630612462e-09
4121324,3.631630219943813e-06,3.6297662212206154e-06,1.863998723197566e-09,1.863998723197566e-09
4244121,9.839881788326923e-06,9.841745256431196e-06,-1.863468104272269e-09,1.863468104272269e-09
3204120,7.156937155237913e-06,7.1587968943882375e-06,-1.8597391503243112e-09,1.8597391503243112e-09
1301240,1.0438681449856773e-05,1.0436825609010819e-05,1.8558408459536574e-09,1.8558408459536574e-09
0041244,4.324348497782576e-06,4.322514060101708e-06,1.8344376808679649e-09,1.8344376808679649e-09
2420412,4.6112404133682145e-06,4.609413897168489e-06,1.826516199725894e-09,1.826516199725894e-09
2412042,4.611240413368208e-06,4.609413897168484e-06,1.8265161997233528e-09,1.8265161997233528e-09
1242413,3.395517426187268e-05,3.3953350011248885e-05,1.8242506237976363e-09,1.8242506237976363e-09
0421320,3.0813531324644646e-05,3.0811707679946436e-05,1.8236446982096118e-09,1.8236446982096118e-09
2214120,1.3974149706663828e-05,1.3975968512124448e-05,-1.81880546062081e-09,1.81880546062081e-09
2121240,5.394269324310239e-06,5.396083063948451e-06,-1.8137396382119015e-09,1.8137396382119015e-09
0400412,3.044921888396703e-05,3.0447416800460334e-05,1.8020835066940124e-09,1.8020835066940124e-09
1412042,7.699871809756626e-06,7.701664865232091e-06,-1.7930554754654634e-09,1.7930554754654634e-09
4242130,9.445134502248867e-06,9.44692321346148e-06,-1.788711212612841e-09,1.788711212612841e-09
0124412,6.550608956992766e-07,6.532783853924956e-07,1.7825103067810459e-09,1.7825103067810459e-09
1232423,3.307859578376348e-05,3.307681862754789e-05,1.7771562155904919e-09,1.7771562155904919e-09
1242323,3.307859578376353e-05,3.3076818627547945e-05,1.7771562155837156e-09,1.7771562155837156e-09
1321240,9.89970970692729e-06,9.897949687165653e-06,1.760019761637256e-09,1.760019761637256e-09
1212042,3.274447510587955e-05,3.274271590038481e-05,1.759205494738245e-09,1.759205494738245e-09
1204212,3.274447510587953e-05,3.274271590038481e-05,1.7592054947179162e-09,1.7592054947179162e-09
0323240,2.195358302922736e-06,2.197116150110974e-06,-1.7578471882380467e-09,1.7578471882380467e-09
3424123,4.995928240632576e-06,4.994175981831181e-06,1.75225880139477e-09,1.75225880139477e-09
1424240,7.521488052771346e-06,7.523239568338058e-06,-1.751515566712597e-09,1.751515566712597e-09
3214124,6.705267554607161e-06,6.707009926841843e-06,-1.7423722346826437e-09,1.7423722346826437e-09
2124121,5.15904077092504e-06,5.160775418599973e-06,-1.7346476749331358e-09,1.7346476749331358e-09
1032424,3.789410963141324e-06,3.7911303915683386e-06,-1.7194284270148069e-09,1.7194284270148069e-09
4121320,3.3496382774809783e-06,3.3479190161315964e-06,1.7192613493818315e-09,1.7192613493818315e-09
1204241,3.198677884412985e-05,3.198506034606503e-05,1.7184980648186628e-09,1.7184980648186628e-09
1242041,3.1986778844129925e-05,3.198506034606515e-05,1.7184980647780052e-09,1.7184980647780052e-09
1242134,3.159090669930794e-05,3.1589209469577756e-05,1.6972297301842514e-09,1.6972297301842514e-09
4212424,8.908915180195629e-06,8.910602342667624e-06,-1.687162471994855e-09,1.687162471994855e-09
4242124,8.908915180195629e-06,8.910602342667624e-06,-1.687162471994855e-09,1.687162471994855e-09
1324121,9.468011871077805e-06,9.466328600710302e-06,1.6832703675030345e-09,1.6832703675030345e-09
3121210,4.7804310660176605e-06,4.77875439013153e-06,1.6766758861308314e-09,1.6766758861308314e-09
1312412,9.375473153185097e-06,9.373806334812362e-06,1.6668183727343462e-09,1.6668183727343462e-09
0312130,2.0532961049267533e-06,2.054940201373268e-06,-1.6440964465146776e-09,1.6440964465146776e-09
2421244,4.138690292055489e-06,4.137050953355609e-06,1.6393386998799127e-09,1.6393386998799127e-09
2124210,4.860037541889024e-06,4.861671654352263e-06,-1.6341124632382782e-09,1.6341124632382782e-09
3014121,4.606852006797651e-06,4.605236211576654e-06,1.6157952209975963e-09,1.6157952209975963e-09
4412421,1.723172131525399e-06,1.7215598409619956e-06,1.6122905634033507e-09,1.6122905634033507e-09
3214120,6.184611180488208e-06,6.186218259507123e-06,-1.6070790189151634e-09,1.6070790189151634e-09
1032420,3.495167526015523e-06,3.4967534427872536e-06,-1.5859167717307238e-09,1.5859167717307238e-09
1324210,8.919273016762454e-06,8.917687303925039e-06,1.5857128374148477e-09,1.5857128374148477e-09
2421412,3.984767282127699e-06,3.983188912461298e-06,1.5783696664005287e-09,1.5783696664005287e-09
0124122,5.777079190661714e-07,5.761358967903718e-07,1.5720222757996016e-09,1.5720222757996016e-09
0301242,1.957092781346039e-06,1.9586598467486363e-06,-1.5670654025972754e-09,1.5670654025972754e-09
2324240,9.249077896209681e-06,9.250638276426427e-06,-1.5603802167463848e-09,1.5603802167463848e-09
4212420,8.217148082570008e-06,8.218704238801313e-06,-1.5561562313051112e-09,1.5561562313051112e-09
4242120,8.217148082569992e-06,8.21870423880129e-06,-1.556156231298335e-09,1.556156231298335e-09
0312124,1.936726346698723e-06,1.9382771044763486e-06,-1.550757777625483e-09,1.550757777625483e-09
1232130,2.8743988140287665e-05,2.874244386200212e-05,1.5442782855464596e-09,1.5442782855464596e-09
0321031,1.9259967906785605e-06,1.9275389571843833e-06,-1.5421665058228453e-09,1.5421665058228453e-09
1244130,2.85698066416563e-05,2.856827172131733e-05,1.534920338969398e-09,1.534920338969398e-09
3124244,4.362614161804688e-06,4.3610840299265025e-06,1.5301318781851646e-09,1.5301318781851646e-09
0242412,1.6846393462495764e-09,1.6845722155246788e-10,1.5161821246971085e-09,1.5161821246971085e-09
0241242,1.6846393462495764e-09,1.684572215524683e-10,1.516182124697108e-09,1.516182124697108e-09
0441214,2.5616989538845043e-05,2.5615473442339753e-05,1.5160965052897252e-09,1.5160965052897252e-09
2412324,3.818066027742913e-06,3.8165536885833505e-06,1.5123391595622463e-09,1.5123391595622463e-09
0412321,2.5276091922606293e-05,2.527459600152732e-05,1.4959210789712444e-09,1.4959210789712444e-09
0321242,1.856043840203071e-06,1.8575299946232434e-06,-1.4861544201724607e-09,1.4861544201724607e-09
0324212,1.8560438402030671e-06,1.8575299946232394e-06,-1.486154420172249e-09,1.486154420172249e-09
1242141,2.764112437712657e-05,2.763963935048536e-05,1.4850266412111456e-09,1.4850266412111456e-09
1412324,6.37542533882621e-06,6.376909972803842e-06,-1.4846339776322542e-09,1.4846339776322542e-09
4412400,1.5853196799229468e-06,1.5838363713705639e-06,1.483308552382921e-09,1.483308552382921e-09
2441212,3.7278203638583726e-06,3.726343771082048e-06,1.4765927763244463e-09,1.4765927763244463e-09
1213124,2.7144192339144523e-05,2.7142734010307086e-05,1.4583288374364189e-09,1.4583288374364189e-09
1212324,2.711213400099279e-05,2.7110677394497957e-05,1.456606494834356e-09,1.456606494834356e-09
1232124,2.7112134000992825e-05,2.7110677394498018e-05,1.456606494807251e-09,1.456606494807251e-09
0324241,1.8130956031396218e-06,1.8145473684408659e-06,-1.4517653012440383e-09,1.4517653012440383e-09
1210323,2.696193148989174e-05,2.696048295306609e-05,1.4485368256474693e-09,1.4485368256474693e-09
2441241,3.6415598406697557e-06,3.6401174157591e-06,1.4424249106555475e-09,1.4424249106555475e-09
2412441,3.6415598406697557e-06,3.6401174157591006e-06,1.442424910655124e-09,1.442424910655124e-09
0312120,1.7863417559093584e-06,1.7877720991151486e-06,-1.4303432057902085e-09,1.4303432057902085e-09
1223210,2.660659646643238e-05,2.660516702007387e-05,1.4294463585083714e-09,1.4294463585083714e-09
0424130,2.411506672828915e-05,2.41136395204458e-05,1.4272078433490024e-09,1.4272078433490024e-09
1412441,6.0806944438262005e-06,6.082110444343672e-06,-1.4160005174711855e-09,1.4160005174711855e-09
0423210,2.3811162018414946e-05,2.380975279663779e-05,1.4092217771569549e-09,1.4092217771569549e-09
1213242,2.601338649326161e-05,2.6011988917264174e-05,1.3975759974353902e-09,1.3975759974353902e-09
1242132,2.601338649326163e-05,2.6011988917264228e-05,1.397575997401509e-09,1.397575997401509e-09
2412320,3.521597557549589e-06,3.5202026498000116e-06,1.394907749577519e-09,1.394907749577519e-09
4241213,7.364865711371046e-06,7.366260463121181e-06,-1.3947517501347243e-09,1.3947517501347243e-09
2042424,1.0686619481505924e-05,1.0688010398468741e-05,-1.3909169628174563e-09,1.3909169628174563e-09
1212441,2.5858761387434114e-05,2.5857372118710957e-05,1.3892687231570583e-09,1.3892687231570583e-09
1221244,2.585876138743408e-05,2.585737211871093e-05,1.389268723150282e-09,1.389268723150282e-09
3124412,3.929514113015541e-06,3.928135885515448e-06,1.3782275000929144e-09,1.3782275000929144e-09
1412320,5.880380836374029e-06,5.881750190217443e-06,-1.3693538434133643e-09,1.3693538434133643e-09
4204124,7.230122176516378e-06,7.2314914106551555e-06,-1.3692341387775529e-09,1.3692341387775529e-09
4241204,7.230122176516364e-06,7.231491410655134e-06,-1.3692341387699296e-09,1.3692341387699296e-09
4412040,1.462221415812521e-06,1.460853284476603e-06,1.368131335918035e-09,1.368131335918035e-09
1031240,3.001327156326254e-06,3.0026889952193083e-06,-1.3618388930543158e-09,1.3618388930543158e-09
0424213,2.297346392527262e-05,2.2972104281184887e-05,1.3596440877333823e-09,1.3596440877333823e-09
3424240,3.865667468370439e-06,3.864311634275453e-06,1.355834094986469e-09,1.355834094986469e-09
4244123,7.131259002176626e-06,7.132609513694933e-06,-1.3505115183073447e-09,1.3505115183073447e-09
4124130,2.6214700848805387e-06,2.6201245687912955e-06,1.3455160892432148e-09,1.3455160892432148e-09
1213120,2.5036476778715343e-05,2.503513168744803e-05,1.345091267314786e-09,1.345091267314786e-09
1212320,2.500690773393883e-05,2.5005564231276178e-05,1.3435026626532856e-09,1.3435026626532856e-09
1232120,2.5006907733938804e-05,2.5005564231276175e-05,1.3435026626295687e-09,1.3435026626295687e-09
1221412,2.489704207410475e-05,2.4895704474003405e-05,1.337600101346129e-09,1.337600101346129e-09
0420424,2.2553154056978863e-05,2.2551819288192005e-05,1.3347687868582548e-09,1.3347687868582548e-09
0424204,2.255315405697887e-05,2.255181928819202e-05,1.3347687868514786e-09,1.3347687868514786e-09
3242424,5.1277998577332765e-06,5.129132322996487e-06,-1.3324652632102152e-09,1.3324652632102152e-09
2412044,3.358796874488401e-06,3.357466452226086e-06,1.3304222623150078e-09,1.3304222623150078e-09
3012424,3.7884589005964702e-06,3.787130146432568e-06,1.3287541639023634e-09,1.3287541639023634e-09
4123210,2.588433597170761e-06,2.5871050376457006e-06,1.3285595250603053e-09,1.3285595250603053e-09
0421212,2.2343767879569804e-05,2.23424455029359e-05,1.3223766339043742e-09,1.3223766339043742e-09
1412044,5.608535459048252e-06,5.609841508741371e-06,-1.3060496931191373e-09,1.3060496931191373e-09
2412122,3.28762006585382e-06,3.286317836785166e-06,1.3022290686539569e-09,1.3022290686539569e-09
0421241,2.1826740523320853e-05,2.182544874604239e-05,1.2917772784642198e-09,1.2917772784642198e-09
0121240,4.7437724392474165e-07,4.7308639855120475e-07,1.2908453735368992e-09,1.2908453735368992e-09
2042420,9.856815673452555e-06,9.858098587300424e-06,-1.2829138478685992e-09,1.2829138478685992e-09
4124213,2.4973701754486928e-06,2.496088355842497e-06,1.2818196061957547e-09,1.2818196061957547e-09
1212044,2.3850858073577833e-05,2.3849576679985738e-05,1.2813935920947107e-09,1.2813935920947107e-09
1412122,5.489684075649323e-06,5.490962448631829e-06,-1.2783729825059073e-09,1.2783729825059073e-09
4241223,6.725988332606655e-06,6.727262094324242e-06,-1.273761717587144e-09,1.273761717587144e-09
4204120,6.668711439926825e-06,6.669974354597187e-06,-1.2629146703616029e-09,1.2629146703616029e-09
4120424,2.451679663432829e-06,2.450421295293575e-06,1.258368139253972e-09,1.258368139253972e-09
4124204,2.451679663432833e-06,2.450421295293583e-06,1.2583681392501604e-09,1.2583681392501604e-09
2124123,3.7389123905838015e-06,3.7401695420530578e-06,-1.2571514692562406e-09,1.2571514692562406e-09
1212122,2.3345430676712047e-05,2.334417643733909e-05,1.2542393729579365e-09,1.2542393729579365e-09
4121212,2.4289179764572184e-06,2.427671291158147e-06,1.2466852990711673e-09,1.2466852990711673e-09
0424223,2.0980593044944793e-05,2.0979351345417743e-05,1.2416995270499978e-09,1.2416995270499978e-09
0124121,4.536910182028653e-07,4.5245646287930664e-07,1.2345553235586693e-09,1.2345553235586693e-09
0420420,2.0801927380247024e-05,2.0800696254733366e-05,1.2311255136579545e-09,1.2311255136579545e-09
3242420,4.729632050201032e-06,4.73086105105706e-06,-1.2290008560278455e-09,1.2290008560278455e-09
3012420,3.4942893900408617e-06,3.4930638121215273e-06,1.2255779193344237e-09,1.2255779193344237e-09
1324123,6.861753661353588e-06,6.860533744568048e-06,1.2199167855399634e-09,1.2199167855399634e-09
4121241,2.3727136224430726e-06,2.371495785027123e-06,1.2178374159493947e-09,1.2178374159493947e-09
3124122,3.465496774537303e-06,3.464281295264604e-06,1.215479272699311e-09,1.215479272699311e-09
2212412,9.315667796392038e-06,9.316880277137775e-06,-1.2124807457367456e-09,1.2124807457367456e-09
2424242,3.047318982574406e-06,3.0461119369666137e-06,1.207045607792432e-09,1.207045607792432e-09
0320412,1.506291558311161e-06,1.5074976622883204e-06,-1.2061039771595426e-09,1.2061039771595426e-09
1214240,2.243180999578426e-05,2.2430604840921482e-05,1.2051548627792295e-09,1.2051548627792295e-09
4214124,6.24785344334807e-06,6.249036656303516e-06,-1.1832129554461429e-09,1.1832129554461429e-09
3014123,3.3387245448562584e-06,3.33755352934375e-06,1.1710155125083814e-09,1.1710155125083814e-09
4124223,2.2807316956687295e-06,2.2795610696106784e-06,1.17062605805103e-09,1.17062605805103e-09
4412423,1.248834796960481e-06,1.2476663213789929e-06,1.1684755814880953e-09,1.1684755814880953e-09
0412212,1.9659883213700803e-05,1.965871967806405e-05,1.163535636752416e-09,1.163535636752416e-09
0124210,4.273963860317435e-07,4.2623338199931794e-07,1.1630040324255692e-09,1.1630040324255692e-09
4120420,2.261309535221164e-06,2.260148877931981e-06,1.1606572891829703e-09,1.1606572891829703e-09
2141210,3.4083613635016603e-06,3.4095073723000066e-06,-1.1460087983462396e-09,1.1460087983462396e-09
0301244,1.4255333766619631e-06,1.4266748166877534e-06,-1.141440025790305e-09,1.141440025790305e-09
2041212,8.592316822271182e-06,8.593435155270584e-06,-1.118332999402194e-09,1.118332999402194e-09
0412413,1.8803779663732097e-05,1.88026667950794e-05,1.1128686526960232e-09,1.1128686526960232e-09
0241244,1.2270801050449246e-09,1.2270312074710086e-10,1.1043769842978237e-09,1.1043769842978237e-09
2041241,8.39349346917261e-06,8.394585924318415e-06,-1.0924551458058463e-09,1.0924551458058463e-09
4214120,5.7627147530052655e-06,5.763806090824909e-06,-1.0913378196433936e-09,1.0913378196433936e-09
2421030,2.7445552902274535e-06,2.7434681695724305e-06,1.0871206550230192e-09,1.0871206550230192e-09
0412323,1.8318345884679374e-05,1.831726174557177e-05,1.0841391076028698e-09,1.0841391076028698e-09
0321244,1.3519299994237225e-06,1.3530125044275833e-06,-1.0825050038608174e-09,1.0825050038608174e-09
0041210,2.5413349269819115e-06,2.5402568638812696e-06,1.0780631006419352e-09,1.0780631006419352e-09
3212412,4.12288292430458e-06,4.123954260634661e-06,-1.0713363300811937e-09,1.0713363300811937e-09
3241212,4.122882924304576e-06,4.123954260634652e-06,-1.0713363300752645e-09,1.0713363300752645e-09
0141242,3.867935846811297e-07,3.8574106642547186e-07,1.0525182556578383e-09,1.0525182556578383e-09
0412041,1.7713716822620516e-05,1.7712668467421352e-05,1.048355199163533e-09,1.048355199163533e-09
3241241,4.027480784881787e-06,4.028527330845559e-06,-1.0465459637721265e-09,1.0465459637721265e-09
0321412,1.3016500509283193e-06,1.3026922962324452e-06,-1.042245304125809e-09,1.042245304125809e-09
0412134,1.7494489775548662e-05,1.7493454394916967e-05,1.035380631694816e-09,1.035380631694816e-09
2412121,2.5818647207613316e-06,2.580842041977482e-06,1.0226787838497606e-09,1.0226787838497606e-09
1213244,1.894797785756852e-05,1.8946959872499147e-05,1.0179850693719866e-09,1.0179850693719866e-09
4412130,1.0851879211459837e-06,1.084172562196766e-06,1.0153589492176135e-09,1.0153589492176135e-09
1412121,4.31121034643134e-06,4.312214290329172e-06,-1.0039438978321389e-09,1.0039438978321389e-09
3121240,2.8456470034069013e-06,2.8446489286213553e-06,9.980747855460552e-10,9.980747855460552e-10
1424124,4.273001744984014e-06,4.273996791312676e-06,-9.950463286620165e-10,9.950463286620165e-10
1212121,1.8333853257927593e-05,1.8332868266863064e-05,9.8499106452861e-10,9.8499106452861e-10
2124240,2.8930343470139365e-06,2.8940070850724954e-06,-9.727380585588493e-10,9.727380585588493e-10
2421210,2.432227235282923e-06,2.4312638280327204e-06,9.63407250202522e-10,9.63407250202522e-10
4412124,1.0235796157016606e-06,1.0226219007264144e-06,9.577149752462028e-10,9.577149752462028e-10
3124121,2.7215565311274284e-06,2.7206019795094987e-06,9.545516179296562e-10,9.545516179296562e-10
1324240,5.309375280640084e-06,5.308431353424785e-06,9.43927215298899e-10,9.43927215298899e-10
1204242,1.756139440968041e-05,1.7560450919169677e-05,9.434905107315002e-10,9.434905107315002e-10
1242042,1.7561394409680442e-05,1.7560450919169724e-05,9.434905107179477e-10,9.434905107179477e-10
1210301,1.7148130291567177e-05,1.714720900377933e-05,9.212877878457732e-10,9.212877878457732e-10
1221030,1.7148130291567153e-05,1.7147209003779314e-05,9.21287787838997e-10,9.21287787838997e-10
1424120,3.941208035481893e-06,3.942125817598601e-06,-9.177821167073613e-10,9.177821167073613e-10
2044124,7.011297073316387e-06,7.0122096286897425e-06,-9.125553733553711e-10,9.125553733553711e-10
0342412,1.1344951082308545e-06,1.1354035107605992e-06,-9.084025297446222e-10,9.084025297446222e-10
0412141,1.5307169635966892e-05,1.5306263708033558e-05,9.059279333340322e-10,9.059279333340322e-10
4242424,4.777996066081751e-06,4.7789009187479685e-06,-9.048526662173398e-10,9.048526662173398e-10
3124210,2.563822908358393e-06,2.5629236798186714e-06,8.992285397217907e-10,8.992285397217907e-10
0124123,3.2880355957162116e-07,3.2790884010707905e-07,8.947194645421129e-10,8.947194645421129e-10
0441213,1.5072472699337237e-05,1.5071580661529627e-05,8.920378076104267e-10,8.920378076104267e-10
2324124,5.254455729067486e-06,5.255342190275994e-06,-8.864612085083602e-10,8.864612085083602e-10
4412120,9.440998265667554e-07,9.432164770664727e-07,8.833495002826634e-10,8.833495002826634e-10
2424244,2.2196468968669236e-06,2.2187676928672643e-06,8.792039996592972e-10,8.792039996592972e-10
0441204,1.4796715023623786e-05,1.4795839306049604e-05,8.757175741817906e-10,8.757175741817906e-10
3244124,3.3642564140415353e-06,3.365130620315696e-06,-8.742062741605218e-10,8.742062741605218e-10
0412132,1.4405756959287618e-05,1.4404904379879365e-05,8.525794082532535e-10,8.525794082532535e-10
1223240,1.5838107580668993e-05,1.583725667419415e-05,8.509064748414444e-10,8.509064748414444e-10
2412103,2.140073404475653e-06,2.1392257196031493e-06,8.476848725038903e-10,8.476848725038903e-10
2412210,2.1400734044756506e-06,2.1392257196031468e-06,8.476848725038903e-10,8.476848725038903e-10
2044120,6.466877856285219e-06,6.46771955277517e-06,-8.41696489951502e-10,8.41696489951502e-10
0423240,1.4174069432149473e-05,1.4173230564760338e-05,8.388673891351076e-10,8.388673891351076e-10
4242420,4.406990123804116e-06,4.40782471569335e-06,-8.3459188923453e-10,8.3459188923453e-10
1412210,3.573505044360862e-06,3.574337200134964e-06,-8.321557741020574e-10,8.321557741020574e-10
1412103,3.5735050443608664e-06,3.5743372001349676e-06,-8.321557741012104e-10,8.321557741012104e-10
0312424,1.0386978300314436e-06,1.0395295266422053e-06,-8.316966107616294e-10,8.316966107616294e-10
2324120,4.846453237655327e-06,4.847270866162554e-06,-8.176285072271003e-10,8.176285072271003e-10
1221210,1.519668766661035e-05,1.5195871220588249e-05,8.164460221005739e-10,8.164460221005739e-10
1212103,1.5196687666610366e-05,1.5195871220588266e-05,8.164460221005739e-10,8.164460221005739e-10
1212210,1.5196687666610344e-05,1.5195871220588252e-05,8.164460220921036e-10,8.164460220921036e-10
0441223,1.3764986286545906e-05,1.3764171630023801e-05,8.14656522105041e-10,8.14656522105041e-10
3244120,3.1030257425021476e-06,3.103832067656694e-06,-8.063251545462717e-10,8.063251545462717e-10
0324242,9.954264899366567e-07,9.962235387163943e-07,-7.970487797376016e-10,7.970487797376016e-10
2424412,1.9992906738150846e-06,1.998498753100408e-06,7.919207146763985e-10,7.919207146763985e-10
2441242,1.999290673815087e-06,1.9984987531004137e-06,7.919207146734339e-10,7.919207146734339e-10
4123240,1.5408167605777798e-06,1.5400259090041197e-06,7.908515736600639e-10,7.908515736600639e-10
1232424,1.4540678295803501e-05,1.4539897094056547e-05,7.812017469542576e-10,7.812017469542576e-10
1242324,1.4540678295803513e-05,1.4539897094056581e-05,7.812017469322347e-10,7.812017469322347e-10
3424124,2.19610849900754e-06,2.195338241657783e-06,7.70257349756903e-10,7.70257349756903e-10
0312420,9.580441288054874e-07,9.588112451234881e-07,-7.671163180007258e-10,7.671163180007258e-10
0141244,2.81737876761492e-07,2.8097122945826364e-07,7.666473032283581e-10,7.666473032283581e-10
1240040,1.401064489408199e-05,1.4009892168518265e-05,7.527255637254025e-10,7.527255637254025e-10
1242441,1.3868474183878566e-05,1.3867729096473445e-05,7.450874051210578e-10,7.450874051210578e-10
2412131,1.8733677253067905e-06,1.8726256827777565e-06,7.420425290340027e-10,7.420425290340027e-10
1032412,1.6340397139585176e-06,1.6347811522354388e-06,-7.41438276921137e-10,7.41438276921137e-10
2412123,1.8711552057641203e-06,1.8704140396159356e-06,7.411661481846949e-10,7.411661481846949e-10
0421031,1.2434968907276244e-05,1.2434232965495288e-05,7.359417809555747e-10,7.359417809555747e-10
1412131,3.1281585960211e-06,3.1288870447585966e-06,-7.284487374964619e-10,7.284487374964619e-10
1412123,3.1244641200606295e-06,3.12519170847207e-06,-7.275884114402911e-10,7.275884114402911e-10
4212412,3.8416316821598454e-06,3.842359206967781e-06,-7.275248079357581e-10,7.275248079357581e-10
4241212,3.841631682159843e-06,3.842359206967771e-06,-7.275248079281348e-10,7.275248079281348e-10
1232420,1.3411611218752827e-05,1.3410890676430096e-05,7.20542322730594e-10,7.20542322730594e-10
1242320,1.3411611218752849e-05,1.3410890676430129e-05,7.205423227204296e-10,7.205423227204296e-10
0321030,8.965267681561105e-07,8.972446268566626e-07,-7.1785870055208e-10,7.1785870055208e-10
1212131,1.3302807346073674e-05,1.3302092649267472e-05,7.146968062023585e-10,7.146968062023585e-10
1212123,1.3287096217485322e-05,1.3286382364763617e-05,7.138527217056428e-10,7.138527217056428e-10
4241241,3.7527376029242e-06,3.753448293050079e-06,-7.106901258787038e-10,7.106901258787038e-10
3424120,2.025583180076837e-06,2.024872732331336e-06,7.104477455009521e-10,7.104477455009521e-10
0424212,1.1983326013401791e-05,1.198261680131177e-05,7.092120900207671e-10,7.092120900207671e-10
0421242,1.1983326013401803e-05,1.1982616801311803e-05,7.092120900004383e-10,7.092120900004383e-10
2424122,1.7632040965369316e-06,1.7625056899137536e-06,6.98406623178009e-10,6.98406623178009e-10
2412422,1.7632040965369348e-06,1.7625056899137604e-06,6.984066231744091e-10,6.984066231744091e-10
4121031,1.3517648267008118e-06,1.3510710093905583e-06,6.938173102535216e-10,6.938173102535216e-10
0424241,1.1706035835613846e-05,1.1705343034455652e-05,6.928011581930224e-10,6.928011581930224e-10
0124240,2.544162290768772e-07,2.5372392771448566e-07,6.923013623915293e-10,6.923013623915293e-10
3124123,1.9723940724124314e-06,1.971702280075408e-06,6.917923370235343e-10,6.917923370235343e-10
1204244,1.2791602989055148e-05,1.2790915756836802e-05,6.872322183457238e-10,6.872322183457238e-10
1242044,1.2791602989055165e-05,1.2790915756836845e-05,6.872322183203129e-10,6.872322183203129e-10
1412422,2.9442068295579163e-06,2.944892441774206e-06,-6.856122162896041e-10,6.856122162896041e-10
2141240,2.0288951282077813e-06,2.029577312817886e-06,-6.821846101047143e-10,6.821846101047143e-10
1212422,1.2520534058094522e-05,1.251986138912545e-05,6.726689690711337e-10,6.726689690711337e-10
1242122,1.2520534058094505e-05,1.251986138912544e-05,6.726689690643575e-10,6.726689690643575e-10
0301210,8.377580487666924e-07,8.384288507166459e-07,-6.70801949953498e-10,6.70801949953498e-10
4121242,1.3026682038848434e-06,1.301999586288412e-06,6.686175964315046e-10,6.686175964315046e-10
4124212,1.3026682038848426e-06,1.301999586288412e-06,6.686175964306575e-10,6.686175964306575e-10
4124241,1.2725248949696085e-06,1.2718717489619464e-06,6.531460076621801e-10,6.531460076621801e-10
0241210,7.211309474142418e-10,7.211022112676276e-11,6.49020726287479e-10,6.49020726287479e-10
0041240,1.512780337117962e-06,1.5121385985405302e-06,6.417385774317198e-10,6.417385774317198e-10
1210324,1.1851917009743304e-05,1.1851280262400124e-05,6.367473431796765e-10,6.367473431796765e-10
0321210,7.945027853633653e-07,7.951389523550755e-07,-6.361669917102508e-10,6.361669917102508e-10
1204412,1.1521712122437813e-05,1.1521093115438647e-05,6.190069991653146e-10,6.190069991653146e-10
0301412,7.581707505450699e-07,7.587778260827054e-07,-6.070755376355095e-10,6.070755376355095e-10
2041242,4.608199218980367e-06,4.60879899915154e-06,-5.997801711735942e-10,5.997801711735942e-10
2042412,4.60819921898036e-06,4.608798999151523e-06,-5.997801711634298e-10,5.997801711634298e-10
1213210,1.1135355522296741e-05,1.113475727240701e-05,5.982498897313948e-10,5.982498897313948e-10
4244124,3.1347564954858406e-06,3.135350152896537e-06,-5.936574106964299e-10,5.936574106964299e-10
1210320,1.0931629178363393e-05,1.0931041873724813e-05,5.873046385799867e-10,5.873046385799867e-10
0324244,7.250620404630009e-07,7.256426054976135e-07,-5.805650346125793e-10,5.805650346125793e-10
2441244,1.456270041123036e-06,1.4556932113369374e-06,5.768297860986221e-10,5.768297860986221e-10
0420412,9.72519205823434e-06,9.724616489833907e-06,5.755684004322178e-10,5.755684004322178e-10
0412042,9.725192058234334e-06,9.724616489833909e-06,5.755684004254415e-10,5.755684004254415e-10
3241242,2.2111691485214424e-06,2.2117437236147103e-06,-5.745750932678934e-10,5.745750932678934e-10
3242412,2.21116914852144e-06,2.2117437236147043e-06,-5.745750932645052e-10,5.745750932645052e-10
2421240,1.4478318059825644e-06,1.4472583185884921e-06,5.734873940722395e-10,5.734873940722395e-10
3012412,1.6336291731057057e-06,1.6330561982832286e-06,5.729748224770911e-10,5.729748224770911e-10
2124124,1.6435498835279538e-06,1.6441025017588796e-06,-5.526182309258602e-10,5.526182309258602e-10
2424121,1.3846960297002205e-06,1.3841475504401445e-06,5.484792600759904e-10,5.484792600759904e-10
2412421,1.384696029700221e-06,1.3841475504401485e-06,5.484792600723905e-10,5.484792600723905e-10
4244120,2.8913462307359932e-06,2.8918937913261833e-06,-5.475605901900895e-10,5.475605901900895e-10
1204122,1.0161168798249766e-05,1.0160622886796762e-05,5.459114530038397e-10,5.459114530038397e-10
4120412,1.05719384224104e-06,1.0566512187213653e-06,5.42623519674793e-10,5.42623519674793e-10
1412421,2.3121722071269712e-06,2.3127106385630577e-06,-5.384314360864455e-10,5.384314360864455e-10
1324124,3.016287426075337e-06,3.015751175454477e-06,5.362506208601478e-10,5.362506208601478e-10
3124240,1.5261667568639874e-06,1.5256314731282518e-06,5.352837357355894e-10,5.352837357355894e-10
1242121,9.832743602411832e-06,9.832215335688428e-06,5.282667234034877e-10,5.282667234034877e-10
1212421,9.83274360241183e-06,9.832215335688427e-06,5.282667234034877e-10,5.282667234034877e-10
0324412,6.530812524645998e-07,6.536041817020764e-07,-5.229292374765837e-10,5.229292374765837e-10
2424210,1.3044430132001236e-06,1.3039263222272715e-06,5.166909728520859e-10,5.166909728520859e-10
0421244,8.728575036578909e-06,8.728058451205402e-06,5.16585373507391e-10,5.16585373507391e-10
3014124,1.4676354414321052e-06,1.467120686816821e-06,5.147546152842921e-10,5.147546152842921e-10
4412424,5.489623908437092e-07,5.484487527304708e-07,5.136381132384162e-10,5.136381132384162e-10
2124120,1.5159301105550875e-06,1.5164398186109852e-06,-5.097080558977114e-10,5.097080558977114e-10
2412400,1.2739214071734614e-06,1.2734168058343866e-06,5.04601339074805e-10,5.04601339074805e-10
0421412,8.403948537082247e-06,8.403451164157597e-06,4.973729246504215e-10,4.973729246504215e-10
1412400,2.127200200298292e-06,2.127695557631606e-06,-4.953573333140591e-10,4.953573333140591e-10
1324120,2.782076149378119e-06,2.781581538006046e-06,4.94611372073063e-10,4.94611372073063e-10
4121244,9.488548632206084e-07,9.483678466064639e-07,4.870166141445751e-10,4.870166141445751e-10
1212400,9.046131640221555e-06,9.045645634431679e-06,4.860057898762097e-10,4.860057898762097e-10
1221240,9.046131640221543e-06,9.045645634431669e-06,4.860057898745156e-10,4.860057898745156e-10
0412324,8.05237248163724e-06,8.051895916123554e-06,4.765655136855084e-10,4.765655136855084e-10
3014120,1.3536752241489814e-06,1.3532004396421802e-06,4.747845068012462e-10,4.747845068012462e-10
4412420,5.063360876251353e-07,5.058623329252692e-07,4.737546998660706e-10,4.737546998660706e-10
1214122,8.780694421843708e-06,8.780222676737855e-06,4.717451058525765e-10,4.717451058525765e-10
4121412,9.135657774893348e-07,9.13096873625322e-07,4.689038640127761e-10,4.689038640127761e-10
2412040,1.175002863600101e-06,1.1745374439791971e-06,4.6541962090379966e-10,4.6541962090379966e-10
0441212,7.862042692898469e-06,7.861577391718831e-06,4.6530117963753434e-10,4.6530117963753434e-10
1241221,8.651655886133478e-06,8.651191073656735e-06,4.6481247674326053e-10,4.6481247674326053e-10
0324122,5.759620423375999e-07,5.764232213876468e-07,-4.6117905004686967e-10,4.6117905004686967e-10
1412040,1.9620255321299153e-06,1.96248242553156e-06,-4.5689340164486303e-10,4.5689340164486303e-10
0412441,7.68011764023346e-06,7.679663105968339e-06,4.545342651203233e-10,4.545342651203233e-10
0441241,7.680117640233452e-06,7.679663105968336e-06,4.5453426511693517e-10,4.5453426511693517e-10
0141210,1.6557183280553082e-07,1.6512128919893421e-07,4.505436065966019e-10,4.505436065966019e-10
1212040,8.343709841054969e-06,8.343261573060095e-06,4.482679948739662e-10,4.482679948739662e-10
0412320,7.427114947139054e-06,7.426675386393693e-06,4.395607453605796e-10,4.395607453605796e-10
1242210,8.150230686890776e-06,8.14979281361409e-06,4.3787327668636574e-10,4.3787327668636574e-10
1242103,8.150230686890775e-06,8.14979281361409e-06,4.378732766846717e-10,4.378732766846717e-10
2041244,3.3565816887056405e-06,3.3570185645966617e-06,-4.3687589102113083e-10,4.3687589102113083e-10
1204121,7.979864679128768e-06,7.979435958810442e-06,4.2872031832686666e-10,4.2872031832686666e-10
0412044,7.083765269383843e-06,7.083346029185741e-06,4.1924019810189093e-10,4.1924019810189093e-10
3241244,1.6106009141245719e-06,1.6110194308043409e-06,-4.18516679768997e-10,4.18516679768997e-10
0412122,6.933652052112248e-06,6.933241696101082e-06,4.1035601116633875e-10,4.1035601116633875e-10
1204210,7.517374574422316e-06,7.516970701505901e-06,4.038729164147862e-10,4.038729164147862e-10
0301240,4.986921991197988e-07,4.99091507368868e-07,-3.9930824906925203e-10,3.9930824906925203e-10
2424123,1.0035309609910377e-06,1.003133461534738e-06,3.974994562997825e-10,3.974994562997825e-10
2412423,1.0035309609910388e-06,1.0031334615347405e-06,3.9749945629830017e-10,3.9749945629830017e-10
0124124,1.4453536097783095e-07,1.4414206048877912e-07,3.933004890518349e-10,3.933004890518349e-10
1412423,1.6757009099659512e-06,1.6760911274612673e-06,-3.902174953160802e-10,3.902174953160802e-10
4241242,2.0603295343408717e-06,2.0607197177245904e-06,-3.901833837187308e-10,3.901833837187308e-10
4242412,2.0603295343408695e-06,2.060719717724585e-06,-3.901833837153427e-10,3.901833837153427e-10
0241240,4.292675893102682e-10,4.2925048354545946e-11,3.8634254095572223e-10,3.8634254095572223e-10
1242131,7.13451187734709e-06,7.1341285738292844e-06,3.8330351780577074e-10,3.8330351780577074e-10
1212423,7.1260857436292946e-06,7.125702892807725e-06,3.8285082156973e-10,3.8285082156973e-10
1242123,7.126085743629291e-06,7.125702892807728e-06,3.8285082156295374e-10,3.8285082156295374e-10
0424242,6.426852584463787e-06,6.426472222488432e-06,3.8036197535530874e-10,3.8036197535530874e-10
0321240,4.72943640258601e-07,4.733223313575059e-07,-3.7869109890493736e-10,3.7869109890493736e-10
1214121,6.8957375540462204e-06,6.895367078741409e-06,3.7047530481134266e-10,3.7047530481134266e-10
0124120,1.3331235512969217e-07,1.3294959397481334e-07,3.6276115487883083e-10,3.6276115487883083e-10
0324121,4.523199298647954e-07,4.52682107335251e-07,-3.6217747045559225e-10,3.6217747045559225e-10
1242422,6.714965993593016e-06,6.714605230287605e-06,3.6076330541138715e-10,3.6076330541138715e-10
0312412,4.478990327475374e-07,4.4825767035775435e-07,-3.586376102169515e-10,3.586376102169515e-10
4124242,6.98642138540923e-07,6.982835480525357e-07,3.5859048838729105e-10,3.5859048838729105e-10
1213240,6.62854262226425e-06,6.6281865020770765e-06,3.5612018717320334e-10,3.5612018717320334e-10
2412130,8.720286142042516e-07,8.716832029379343e-07,3.4541126631732576e-10,3.4541126631732576e-10
0421030,5.788318309001111e-06,5.787975737554667e-06,3.4257144644414414e-10,3.4257144644414414e-10
0324210,4.261047620473354e-07,4.264459487487782e-07,-3.4118670144283576e-10,3.4118670144283576e-10
1412130,1.4561176477259287e-06,1.4564567312568837e-06,-3.3908353095500343e-10,3.3908353095500343e-10
2441210,8.558213845440705e-07,8.554823929750303e-07,3.389915690402356e-10,3.389915690402356e-10
1232412,6.270115866118969e-06,6.2697790025030846e-06,3.368636158846615e-10,3.368636158846615e-10
1241232,6.270115866118977e-06,6.269779002503097e-06,3.368636158795793e-10,3.368636158795793e-10
1212130,6.1922859555632786e-06,6.191953273379698e-06,3.3268218358040695e-10,3.3268218358040695e-10
2412124,8.225217922306424e-07,8.221959906580801e-07,3.258015725623152e-10,3.258015725623152e-10
4121030,6.292291644796633e-07,6.289062014332747e-07,3.229630463886002e-10,3.229630463886002e-10
0412121,5.445200862872153e-06,5.444878598228745e-06,3.2226464340802597e-10,3.2226464340802597e-10
1412124,1.3734509141068946e-06,1.3737707471823873e-06,-3.1983307549273316e-10,3.1983307549273316e-10
1212124,5.840737401515547e-06,5.8404236063700444e-06,3.1379514550245564e-10,3.1379514550245564e-10
1204123,5.783248524052049e-06,5.782937817511543e-06,3.1070654050559466e-10,3.1070654050559466e-10
2424240,7.764957386406305e-07,7.76188168026541e-07,3.075706140895235e-10,3.075706140895235e-10
3124124,8.670243400590908e-07,8.667202422102604e-07,3.0409784883041247e-10,3.0409784883041247e-10
0421210,5.129612614389178e-06,5.129309027281626e-06,3.0358710755223146e-10,3.0358710755223146e-10
2412120,7.586539136577167e-07,7.583534102054866e-07,3.0050345223009073e-10,3.0050345223009073e-10
1412120,1.2668040178949877e-06,1.2670990162971361e-06,-2.949984021484625e-10,2.949984021484625e-10
1212120,5.38721080725391e-06,5.386921377943383e-06,2.894293105268358e-10,2.894293105268358e-10
4121210,5.576234213721823e-07,5.573372112454584e-07,2.8621012672383243e-10,2.8621012672383243e-10
4241244,1.5007303415146586e-06,1.5010145484985119e-06,-2.842069838532368e-10,2.842069838532368e-10
1242421,5.273460269949795e-06,5.273176951916651e-06,2.8331803314404725e-10,2.8331803314404725e-10
3124120,7.997008894299098e-07,7.994204044320305e-07,2.804849978793064e-10,2.804849978793064e-10
0424244,4.681276714810704e-06,4.6809996616754335e-06,2.770531352706357e-10,2.770531352706357e-10
1214123,4.997548910320882e-06,4.997280415697747e-06,2.684946231351184e-10,2.684946231351184e-10
0141240,9.855993808193252e-08,9.829174300782527e-08,2.6819507410724883e-10,2.6819507410724883e-10
0412103,4.51345473484929e-06,4.5131876139629715e-06,2.671208863183058e-10,2.671208863183058e-10
0412210,4.513454734849285e-06,4.513187613962967e-06,2.6712088631745875e-10,2.6712088631745875e-10
0324123,3.2780989051502334e-07,3.2807237144743046e-07,-2.6248093240711865e-10,2.6248093240711865e-10
4124244,5.088862910973473e-07,5.086250961685107e-07,2.611949288366038e-10,2.611949288366038e-10
1242400,4.851587484671411e-06,4.851326831864063e-06,2.6065280734840785e-10,2.6065280734840785e-10
2041210,1.972597325388935e-06,1.9728540687945995e-06,-2.56743405664534e-10,2.56743405664534e-10
0424412,4.216541329469793e-06,4.21629178088156e-06,2.4954858823322075e-10,2.4954858823322075e-10
0441242,4.216541329469796e-06,4.216291780881573e-06,2.4954858822305635e-10,2.4954858822305635e-10
3241210,9.465186162938997e-07,9.467645703506466e-07,-2.4595405674692556e-10,2.4595405674692556e-10
1204240,4.474867252716714e-06,4.474626839302423e-06,2.4041341429098463e-10,2.4041341429098463e-10
1242040,4.474867252716725e-06,4.474626839302438e-06,2.4041341428674947e-10,2.4041341428674947e-10
1244122,4.40556730776974e-06,4.405330617513129e-06,2.366902566115078e-10,2.366902566115078e-10
1241214,4.401211488569758e-06,4.400975032330675e-06,2.3645623908321797e-10,2.3645623908321797e-10
4124412,4.583664263263548e-07,4.581311616155546e-07,2.352647108002244e-10,2.352647108002244e-10
0412131,3.950967481870769e-06,3.950733650803981e-06,2.3383106678857076e-10,2.3383106678857076e-10
0412123,3.946301236878926e-06,3.946067681975648e-06,2.335549032776e-10,2.335549032776e-10
4412412,2.3671920433898437e-07,2.3649771738921898e-07,2.2148694976539306e-10,2.2148694976539306e-10
0424122,3.7186303336030316e-06,3.7184102530020355e-06,2.2008060099614436e-10,2.2008060099614436e-10
0412422,3.7186303336030405e-06,3.7184102530020533e-06,2.2008060098725052e-10,2.2008060098725052e-10
4124122,4.042401493682817e-07,4.040326659306373e-07,2.0748343764440242e-10,2.0748343764440242e-10
1242423,3.821835651248662e-06,3.821630322128069e-06,2.0532912059268604e-10,2.0532912059268604e-10
0324240,2.536473641209767e-07,2.5385046231466543e-07,-2.0309819368872452e-10,2.0309819368872452e-10
2441240,5.094447602626267e-07,5.092429687653131e-07,2.0179149731363712e-10,2.0179149731363712e-10
1244121,3.4598215666736758e-06,3.4596356868545185e-06,1.8587981915723552e-10,1.8587981915723552e-10
0441244,3.071300684630656e-06,3.0711189150972917e-06,1.8176953336420979e-10,1.8176953336420979e-10
0421240,3.053504289297262e-06,3.05332357301228e-06,1.8071628498163666e-10,1.8071628498163666e-10
1242130,3.321023641745455e-06,3.3208452188811433e-06,1.784228643114521e-10,1.784228643114521e-10
2424124,4.4113181100667127e-07,4.4095707832591915e-07,1.7473268075211503e-10,1.7473268075211503e-10
2412424,4.4113181100667127e-07,4.409570783259192e-07,1.747326807520621e-10,1.747326807520621e-10
0424121,2.9203497592685357e-06,2.9201769235003947e-06,1.7283576814098144e-10,1.7283576814098144e-10
0412421,2.9203497592685387e-06,2.920176923500406e-06,1.728357681325111e-10,1.728357681325111e-10
1412424,7.366040569279539e-07,7.367755886066815e-07,-1.7153167872758256e-10,1.7153167872758256e-10
4121240,3.3193647103024496e-07,3.317660987399207e-07,1.703722903242554e-10,1.703722903242554e-10
1212424,3.1324824361887167e-06,3.1323141427500145e-06,1.68293438702169e-10,1.68293438702169e-10
1242124,3.1324824361887184e-06,3.1323141427500234e-06,1.682934386949692e-10,1.682934386949692e-10
4241210,8.819498324032742e-07,8.821168552819632e-07,-1.6702287868903465e-10,1.6702287868903465e-10
4124121,3.174616772811923e-07,3.172987344358921e-07,1.6294284530023639e-10,1.6294284530023639e-10
0424210,2.75109465028453e-06,2.7509318315825585e-06,1.628187019713828e-10,1.628187019713828e-10
2424120,4.068784292651106e-07,4.0671726437762863e-07,1.611648874819567e-10,1.611648874819567e-10
2412420,4.0687842926511133e-07,4.0671726437762974e-07,1.6116488748158613e-10,1.6116488748158613e-10
0412400,2.6867240137689134e-06,2.6865650047299403e-06,1.5900903897312529e-10,1.5900903897312529e-10
1412420,6.794075924590755e-07,6.795658048986887e-07,-1.5821243961321833e-10,1.5821243961321833e-10
1212420,2.889248749548328e-06,2.889093523903102e-06,1.5522564522577195e-10,1.5522564522577195e-10
1242120,2.889248749548324e-06,2.889093523903103e-06,1.5522564522111326e-10,1.5522564522111326e-10
4124210,2.990625075872404e-07,2.9890900844263117e-07,1.5349914460922184e-10,1.5349914460922184e-10
2041240,1.1742279284863043e-06,1.1743807601228012e-06,-1.5283163649688353e-10,1.5283163649688353e-10
0412040,2.478102959966804e-06,2.477956297798261e-06,1.4666216854332991e-10,1.4666216854332991e-10
3241240,5.634340976637842e-07,5.635805067249956e-07,-1.464090612113734e-10,1.464090612113734e-10
1241213,2.589575949386436e-06,2.5894368237408256e-06,1.3912564561036753e-10,1.3912564561036753e-10
1241204,2.5421984912127913e-06,2.5420619109335238e-06,1.3658027926753856e-10,1.3658027926753856e-10
1204124,2.5421984912127917e-06,2.5420619109335246e-06,1.3658027926711505e-10,1.3658027926711505e-10
1244123,2.5074370021940693e-06,2.507302289484895e-06,1.3471270917445236e-10,1.3471270917445236e-10
1241223,2.364938928225147e-06,2.36481187126229e-06,1.2705696285718841e-10,1.2705696285718841e-10
1204120,2.344799679316602e-06,2.3446737043401677e-06,1.2597497643437798e-10,1.2597497643437798e-10
0424123,2.1164655184164662e-06,2.1163402591243377e-06,1.2525929212858344e-10,1.2525929212858344e-10
0412423,2.116465518416469e-06,2.1163402591243453e-06,1.2525929212392476e-10,1.2525929212392476e-10
4124123,2.3007404892234226e-07,2.2995595932966401e-07,1.1808959267825075e-10,1.1808959267825075e-10
1214124,2.196820912458083e-06,2.1967028876796216e-06,1.1802477846135117e-10,1.1802477846135117e-10
0324124,1.44098564259526e-07,1.4421394554178666e-07,-1.153812822606573e-10,1.153812822606573e-10
1214120,2.0262402754358923e-06,2.0261314151468e-06,1.0886028909251651e-10,1.0886028909251651e-10
0412130,1.8391246157598895e-06,1.8390157704016718e-06,1.0884535821765625e-10,1.0884535821765625e-10
0441210,1.8049432660475138e-06,1.804836443652407e-06,1.0682239510675538e-10,1.0682239510675538e-10
0324120,1.3290947517812737e-07,1.3301589723548413e-07,-1.0642205735676649e-10,1.0642205735676649e-10
0412124,1.734713804627514e-06,1.7346111386396586e-06,1.0266598785539089e-10,1.0266598785539089e-10
4241240,5.249982403416012e-07,5.25097664043707e-07,-9.942370210574789e-11,9.942370210574789e-11
0424240,1.63764399895271e-06,1.6375470778707043e-06,9.692108200566231e-11,9.692108200566231e-11
0412120,1.6000152572099876e-06,1.5999205631189364e-06,9.469409105120142e-11,9.469409105120142e-11
4124240,1.7802292655083336e-07,1.7793155312135574e-07,9.137342947762722e-11,9.137342947762722e-11
1242424,1.6800012632796471e-06,1.6799110047720941e-06,9.025850755297376e-11,9.025850755297376e-11
1242420,1.5495510822643621e-06,1.5494678322269273e-06,8.325003743485447e-11,8.325003743485447e-11
2412412,1.902213576956027e-07,1.9014601085609334e-07,7.534683950935259e-11,7.534683950935259e-11
1412412,3.176325540277242e-07,3.1770652055655166e-07,-7.39665288274582e-11,7.39665288274582e-11
1241212,1.3507642094766895e-06,1.3506916393160213e-06,7.257016066820578e-11,7.257016066820578e-11
1212412,1.3507642094766895e-06,1.3506916393160213e-06,7.257016066820578e-11,7.257016066820578e-11
1241241,1.3195079749908307e-06,1.319437084079541e-06,7.08909112897922e-11,7.08909112897922e-11
0441240,1.074428503500274e-06,1.0743649153375479e-06,6.358816272610095e-11,6.358816272610095e-11
1244124,1.1022183358156374e-06,1.1021591188470795e-06,5.92169685579058e-11,5.92169685579058e-11
0424124,9.303552190858287e-07,9.303001576472383e-07,5.506143859042325e-11,5.506143859042325e-11
0412424,9.303552190858291e-07,9.303001576472393e-07,5.5061438589787976e-11,5.5061438589787976e-11
1244120,1.01663233979988e-06,1.0165777209613576e-06,5.461883852230446e-11,5.461883852230446e-11
4124124,1.0113587503719954e-07,1.0108396525274428e-07,5.19097844552584e-11,5.19097844552584e-11
0424120,8.581141979681785e-07,8.580634119874635e-07,5.0785980714961845e-11,5.0785980714961845e-11
0412420,8.581141979681803e-07,8.580634119874667e-07,5.078598071358542e-11,5.078598071358542e-11
4124120,9.32827897484499e-08,9.32349106995225e-08,4.7879048927401673e-11,4.7879048927401673e-11
1242412,7.244368083591895e-07,7.243978878020644e-07,3.892055712516658e-11,3.892055712516658e-11
1241242,7.244368083591902e-07,7.243978878020663e-07,3.892055712389603e-11,3.892055712389603e-11
1241244,5.276749571822656e-07,5.27646607707091e-07,2.8349475174499177e-11,2.8349475174499177e-11
0412412,4.0118039211418363e-07,4.0115664895773067e-07,2.374315645296245e-11,2.374315645296245e-11
1241210,3.1010423870060623e-07,3.10087578269223e-07,1.6660431383216254e-11,1.6660431383216254e-11
1241240,1.845957373750568e-07,1.84585819920755e-07,9.91745430180811e-12,9.91745430180811e-12
